source_id,chunk_id,title,target_collection,use_mode,risk_scope,review_priority,review_status,issues,content_preview
NICE_SELF_HARM,NICE_SELF_HARM_d77a0488_00000_df28ca3f8982,"Self-harm: assessment, management and preventing recurrence",safety,safety_only,safety_route_only,P0,pending,requires_chunk_level_high_risk_review,"Self-harm: assessment, management and preventing recurrence NICE guideline Published: 7 September 2022 www.nice.org.uk/guidance/ng225"
NICE_SELF_HARM,NICE_SELF_HARM_d77a0488_00001_8028e3cc1c80,"Self-harm: assessment, management and preventing recurrence",safety,safety_only,safety_route_only,P0,pending,requires_chunk_level_high_risk_review,"Your responsibility The recommendations in this guideline represent the view of NICE, arrived at after careful consideration of the evidence available. When exercising their judgement, professionals and practitioners are expected to take this guideline fully i"
NICE_SELF_HARM,NICE_SELF_HARM_d77a0488_00006_75fa1e8ab7cb,"Self-harm: assessment, management and preventing recurrence",safety,safety_only,safety_route_only,P0,pending,requires_chunk_level_high_risk_review,41 Care plan ................................................................................................................................................ 41 Cognitive behavioural therapy-informed psychological intervention .................................
NICE_SELF_HARM,NICE_SELF_HARM_d77a0488_00007_971fecad4d0e,"Self-harm: assessment, management and preventing recurrence",safety,safety_only,safety_route_only,P0,pending,requires_chunk_level_high_risk_review,42 Mechanical restraint ............................................................................................................................. 42 Psychosocial assessment ...................................................................................
NICE_SELF_HARM,NICE_SELF_HARM_d77a0488_00008_b0b280b8be71,"Self-harm: assessment, management and preventing recurrence",safety,safety_only,safety_route_only,P0,pending,requires_chunk_level_high_risk_review,Risk formulation ..................................................................................................................................... 42 Safety plan ..............................................................................................
NICE_SELF_HARM,NICE_SELF_HARM_d77a0488_00009_9a8a17725916,"Self-harm: assessment, management and preventing recurrence",safety,safety_only,safety_route_only,P0,pending,requires_chunk_level_high_risk_review,44 2 Assessment in non-specialist settings ............................................................................................ 44 3 Routine admission to hospital .........................................................................................
NICE_SELF_HARM,NICE_SELF_HARM_d77a0488_00010_268f2a91cbb6,"Self-harm: assessment, management and preventing recurrence",safety,safety_only,safety_route_only,P0,pending,requires_chunk_level_high_risk_review,47 Consent and confidentiality ................................................................................................................. 48 Safeguarding ...................................................................................................
NICE_SELF_HARM,NICE_SELF_HARM_d77a0488_00011_bbb690e5e254,"Self-harm: assessment, management and preventing recurrence",safety,safety_only,safety_route_only,P0,pending,requires_chunk_level_high_risk_review,54 Assessment and care by professionals from other sectors .............................................................. 59 Admission to and discharge from hospital ......................................................................................... 61 I
NICE_SELF_HARM,NICE_SELF_HARM_d77a0488_00012_069cdb36a8d8,"Self-harm: assessment, management and preventing recurrence",safety,safety_only,safety_route_only,P0,pending,requires_chunk_level_high_risk_review,70 Training ................................................................................................................................................... 71 Supervision .....................................................................................
NICE_SELF_HARM,NICE_SELF_HARM_d77a0488_00013_08de9a4c7e0f,"Self-harm: assessment, management and preventing recurrence",safety,safety_only,safety_route_only,P0,pending,requires_chunk_level_high_risk_review,Update information .................................................................................................................... 77 Page 5 of
NICE_SELF_HARM,NICE_SELF_HARM_d77a0488_00014_b94aa8b5aae2,"Self-harm: assessment, management and preventing recurrence",safety,safety_only,safety_route_only,P0,pending,requires_chunk_level_high_risk_review,"This guideline replaces CG16 and CG133. This guideline is the basis of QS34 and QS189. Overview This guideline covers assessment, management and preventing recurrence for children, young people and adults who have self-harmed. It includes those with a mental h"
NICE_SELF_HARM,NICE_SELF_HARM_d77a0488_00015_339e569ca94e,"Self-harm: assessment, management and preventing recurrence",safety,safety_only,safety_route_only,P0,pending,requires_chunk_level_high_risk_review,"Recommendations People have the right to be involved in discussions and make informed decisions about their care, as described in NICE's information on making decisions about your care. Making decisions using NICE guidelines explains how we use words to show t"
NICE_SELF_HARM,NICE_SELF_HARM_d77a0488_00016_4f7310d7dca0,"Self-harm: assessment, management and preventing recurrence",safety,safety_only,safety_route_only,P0,pending,requires_chunk_level_high_risk_review,"Health and care professionals should follow our general guidelines for people delivering care: • babies, children and young people's experience of healthcare • decision making and mental capacity • medicines adherence • medicines associated with dependence or "
NICE_SELF_HARM,NICE_SELF_HARM_d77a0488_00017_f0dcd2f4ea8b,"Self-harm: assessment, management and preventing recurrence",safety,safety_only,safety_route_only,P0,pending,requires_chunk_level_high_risk_review,"need to take other relevant national guidance into account, the recommendations in the guideline may need to be tailored for certain criminal justice system settings during implementation. Putting recommendations into practice can take time depending on how mu"
NICE_SELF_HARM,NICE_SELF_HARM_d77a0488_00018_b5c1a6f56361,"Self-harm: assessment, management and preventing recurrence",safety,safety_only,safety_route_only,P0,pending,requires_chunk_level_high_risk_review,"Share information with family members or carers (as appropriate). Topics to discuss include: • what self-harm is • why people self-harm and, where possible, the specific circumstances of the person • support and treatments available • self-care (also see recom"
NICE_SELF_HARM,NICE_SELF_HARM_d77a0488_00019_1ccc8ab4b3f0,"Self-harm: assessment, management and preventing recurrence",safety,safety_only,safety_route_only,P0,pending,requires_chunk_level_high_risk_review,1.1.2 Provide information and support for the family members or carers (as appropriate) of the person who has self-harmed. Topics to discuss include: • the emotional impact on the person and their family members or carers • advice on how to cope when supportin
NICE_SELF_HARM,NICE_SELF_HARM_d77a0488_00020_346d457cf126,"Self-harm: assessment, management and preventing recurrence",safety,safety_only,safety_route_only,P0,pending,requires_chunk_level_high_risk_review,"1.1.3 Information for people who have self-harmed and their family members or carers should be tailored to their individual needs and circumstances, taking into account, for example: • whether this is a first presentation or repeat self-harm • the severity and"
NICE_SELF_HARM,NICE_SELF_HARM_d77a0488_00023_48f3e7657438,"Self-harm: assessment, management and preventing recurrence",safety,safety_only,safety_route_only,P0,pending,requires_chunk_level_high_risk_review,"1.3 Safeguarding 1.3.1 All staff who have contact with people who self-harm should: • understand when and how to apply the safeguarding principles of the Care Act 2014, the Children Act 1989, and the Children and Families Act 2014 • ask about safeguarding conc"
NICE_SELF_HARM,NICE_SELF_HARM_d77a0488_00024_a53500aff77d,"Self-harm: assessment, management and preventing recurrence",safety,safety_only,safety_route_only,P0,pending,requires_chunk_level_high_risk_review,"1.3.2 If people who self-harm are referred to local health and social care services under local safeguarding procedures, use a multi-agency approach, including education and/or third sector services, to ensure that different areas of the person's life are take"
NICE_SELF_HARM,NICE_SELF_HARM_d77a0488_00025_d480b4d76117,"Self-harm: assessment, management and preventing recurrence",safety,safety_only,safety_route_only,P0,pending,requires_chunk_level_high_risk_review,"1.4.2 If the person who has self-harmed finds it difficult to vocalise their distress when they are in need of care, support the person and their family members or carers (as appropriate) in trying alternative methods of communication (such as non- verbal lang"
NICE_SELF_HARM,NICE_SELF_HARM_d77a0488_00026_6a17dc0320c0,"Self-harm: assessment, management and preventing recurrence",safety,safety_only,safety_route_only,P0,pending,requires_chunk_level_high_risk_review,"1.5 Psychosocial assessment and care by mental health professionals 1.5.1 At the earliest opportunity after an episode of self-harm, a mental health professional should carry out a psychosocial assessment to: • develop a collaborative therapeutic relationship "
NICE_SELF_HARM,NICE_SELF_HARM_d77a0488_00027_61fcb5b5b950,"Self-harm: assessment, management and preventing recurrence",safety,safety_only,safety_route_only,P0,pending,requires_chunk_level_high_risk_review,"1.5.5 If the person is not able to participate in the psychosocial assessment, ensure that they have regular reviews, and complete a psychosocial assessment as soon as possible. 1.5.6 If the person who has self-harmed has agreed a care plan, check this with th"
NICE_SELF_HARM,NICE_SELF_HARM_d77a0488_00028_b5182e7fbd61,"Self-harm: assessment, management and preventing recurrence",safety,safety_only,safety_route_only,P0,pending,requires_chunk_level_high_risk_review,"1.5.9 During the psychosocial assessment, explore the functions of self-harm for the person. Take into account: • the person's values, wishes and what matters to them • the need for psychological interventions, social care and support, or occupational or vocat"
NICE_SELF_HARM,NICE_SELF_HARM_d77a0488_00029_353b214d7e2d,"Self-harm: assessment, management and preventing recurrence",safety,safety_only,safety_route_only,P0,pending,requires_chunk_level_high_risk_review,"1.5.10 During the psychosocial assessment, explore the following to identify the person's strengths, vulnerabilities and needs: • historic factors • changeable and current factors • future factors, including specific upcoming events or circumstances • protecti"
NICE_SELF_HARM,NICE_SELF_HARM_d77a0488_00030_8dcae21a9997,"Self-harm: assessment, management and preventing recurrence",safety,safety_only,safety_route_only,P0,pending,requires_chunk_level_high_risk_review,"1.5.12 For older people who have self-harmed, ensure that a mental health professional experienced in assessing older people who self-harm carries out the psychosocial assessment. They should: • pay particular attention to the potential presence of depression,"
NICE_SELF_HARM,NICE_SELF_HARM_d77a0488_00031_e78f0d6a623f,"Self-harm: assessment, management and preventing recurrence",safety,safety_only,safety_route_only,P0,pending,requires_chunk_level_high_risk_review,health professional experienced in assessing people with a learning disability who self-harm carries out the psychosocial assessment. 1.5.14 If a person has self-harmed and presents to services but wants to leave before a full psychosocial assessment has taken
NICE_SELF_HARM,NICE_SELF_HARM_d77a0488_00032_35fe12cc02f4,"Self-harm: assessment, management and preventing recurrence",safety,safety_only,safety_route_only,P0,pending,requires_chunk_level_high_risk_review,"1.5.17 If a person presents with frequent episodes of self-harm or if treatment has not been effective, carry out a multidisciplinary review with the person and those involved in their care and support, and others who may need to be involved, to agree a joint "
NICE_SELF_HARM,NICE_SELF_HARM_d77a0488_00034_9164d5183146,"Self-harm: assessment, management and preventing recurrence",safety,safety_only,safety_route_only,P0,pending,requires_chunk_level_high_risk_review,1.6.5 Focus the assessment (see the section on principles for assessment and care by healthcare professionals and social care practitioners) on the person's needs and how to support their immediate and long-term psychological and physical safety. 1.6.6 Mental 
NICE_SELF_HARM,NICE_SELF_HARM_d77a0488_00036_f5d5668f2b12,"Self-harm: assessment, management and preventing recurrence",safety,safety_only,safety_route_only,P0,pending,requires_chunk_level_high_risk_review,1.7 Assessment and care by healthcare professionals and social care practitioners Principles for assessment and care by healthcare professionals and social care practitioners 1.7.1 When a person presents to a healthcare professional or social care practitioner
NICE_SELF_HARM,NICE_SELF_HARM_d77a0488_00037_19e21b0e1b37,"Self-harm: assessment, management and preventing recurrence",safety,safety_only,safety_route_only,P0,pending,requires_chunk_level_high_risk_review,"1.7.2 When a person presents to a healthcare professional or social care practitioner following an episode of self-harm, the professional should establish the following as soon as possible: Page 17 of"
NICE_SELF_HARM,NICE_SELF_HARM_d77a0488_00038_e9a44264740a,"Self-harm: assessment, management and preventing recurrence",safety,safety_only,safety_route_only,P0,pending,requires_chunk_level_high_risk_review,"• the severity of the injury and how urgently medical treatment is needed • the person's emotional and mental state, and level of distress • whether there is immediate concern about the person's safety • whether there are any safeguarding concerns • whether th"
NICE_SELF_HARM,NICE_SELF_HARM_d77a0488_00039_cfba55c04152,"Self-harm: assessment, management and preventing recurrence",safety,safety_only,safety_route_only,P0,pending,requires_chunk_level_high_risk_review,"1.7.5 Do not use aversive treatment, punitive approaches or criminal justice approaches such as community protection notices, criminal behaviour orders or prosecution for high service use as an intervention for frequent self-harm episodes. Assessment and care "
NICE_SELF_HARM,NICE_SELF_HARM_d77a0488_00040_14ab2eaccc5f,"Self-harm: assessment, management and preventing recurrence",safety,safety_only,safety_route_only,P0,pending,requires_chunk_level_high_risk_review,"• the person asks for further support from mental health services • levels of distress in family members or carers of children, young people and adults are rising, high or sustained, despite attempts to help. 1.7.8 If the person who has self-harmed is being su"
NICE_SELF_HARM,NICE_SELF_HARM_d77a0488_00041_948585f93192,"Self-harm: assessment, management and preventing recurrence",safety,safety_only,safety_route_only,P0,pending,requires_chunk_level_high_risk_review,"Assessment and care by ambulance staff and paramedics 1.7.9 When attending a person who has self-harmed but who does not need urgent physical care, ambulance staff and paramedics should: • discuss with the person the best way that the ambulance service can hel"
NICE_SELF_HARM,NICE_SELF_HARM_d77a0488_00042_d8043428667c,"Self-harm: assessment, management and preventing recurrence",safety,safety_only,safety_route_only,P0,pending,requires_chunk_level_high_risk_review,"－ initial emotional state and level of distress － any medicines found at their home. 1.7.10 When attending a person who has self-harmed but who does not need urgent physical care, ambulance staff and paramedics should discuss with the person (and any relevant "
NICE_SELF_HARM,NICE_SELF_HARM_d77a0488_00043_85d8eeb14ce7,"Self-harm: assessment, management and preventing recurrence",safety,safety_only,safety_route_only,P0,pending,requires_chunk_level_high_risk_review,"Assessment and care by non-mental health emergency department professionals 1.7.12 When a person attends the emergency department or minor injury unit following an episode of self-harm, emergency department staff responsible for initial assessment or triage sh"
NICE_SELF_HARM,NICE_SELF_HARM_d77a0488_00044_e3797f2e0786,"Self-harm: assessment, management and preventing recurrence",safety,safety_only,safety_route_only,P0,pending,requires_chunk_level_high_risk_review,"services, or for children and young people, crisis response service (or an equivalent specialist mental health service or a suitably skilled mental health professional) as soon as possible after arrival, for a psychosocial assessment (see the section on psycho"
NICE_SELF_HARM,NICE_SELF_HARM_d77a0488_00045_cf9102e30682,"Self-harm: assessment, management and preventing recurrence",safety,safety_only,safety_route_only,P0,pending,requires_chunk_level_high_risk_review,"1.7.16 Ensure that the waiting area in the emergency department for people who have self-harmed is close to staff who can provide care, support and observation. 1.7.17 Ensure that appropriate joint governance arrangements are in place so that physical and ment"
NICE_SELF_HARM,NICE_SELF_HARM_d77a0488_00046_a55cbce54c3a,"Self-harm: assessment, management and preventing recurrence",safety,safety_only,safety_route_only,P0,pending,requires_chunk_level_high_risk_review,1.7.18 Do not use mechanical restraint in emergency departments to prevent self-harm or to prevent a person from leaving the emergency department. Page 21 of
NICE_SELF_HARM,NICE_SELF_HARM_d77a0488_00047_3427b56b01c7,"Self-harm: assessment, management and preventing recurrence",safety,safety_only,safety_route_only,P0,pending,requires_chunk_level_high_risk_review,"Also see the NICE guideline on violence and aggression for recommendations about mechanical restraint. 1.7.19 Ensure that policies and procedures are in place for people who have self-harmed who wish to leave, or have left, the emergency department before phys"
NICE_SELF_HARM,NICE_SELF_HARM_d77a0488_00048_d14e4be8f044,"Self-harm: assessment, management and preventing recurrence",safety,safety_only,safety_route_only,P0,pending,requires_chunk_level_high_risk_review,"Assessment and care in general hospital settings 1.7.21 When a person is admitted to hospital following an episode of self-harm, offer referral to age-appropriate liaison psychiatry services (or an equivalent specialist mental health service or a suitably skil"
NICE_SELF_HARM,NICE_SELF_HARM_d77a0488_00049_bcae67cab98a,"Self-harm: assessment, management and preventing recurrence",safety,safety_only,safety_route_only,P0,pending,requires_chunk_level_high_risk_review,"1.7.23 Mental health and acute ward staff should jointly decide the need for close observation on a case-by-case basis, taking into account the person's views and ensuring that observation is: • by appropriately skilled and trained healthcare staff • with the "
NICE_SELF_HARM,NICE_SELF_HARM_d77a0488_00050_0542a1e56ad8,"Self-harm: assessment, management and preventing recurrence",safety,safety_only,safety_route_only,P0,pending,requires_chunk_level_high_risk_review,• reviewed regularly. 1.7.24 Children and young people who have been admitted to a paediatric ward following an episode of self-harm should have: • access to a specialist child and adolescent mental health service (CAMHS or children and young people's mental h
NICE_SELF_HARM,NICE_SELF_HARM_d77a0488_00051_81973e42225c,"Self-harm: assessment, management and preventing recurrence",safety,safety_only,safety_route_only,P0,pending,requires_chunk_level_high_risk_review,"1.7.26 If self-harm has been identified during a social care assessment or through ongoing work, seek advice from, or refer the person to, the local urgent and emergency mental health service. 1.7.27 Continue to offer social care support and involvement to a p"
NICE_SELF_HARM,NICE_SELF_HARM_d77a0488_00053_b344973d4a3f,"Self-harm: assessment, management and preventing recurrence",safety,safety_only,safety_route_only,P0,pending,requires_chunk_level_high_risk_review,"Principles for assessment and care by professionals from other sectors 1.8.1 When a person who has self-harmed presents to a non-health professional, for example, a teacher or a member of staff in the criminal justice system, the non- health professional shoul"
NICE_SELF_HARM,NICE_SELF_HARM_d77a0488_00054_801eb979a903,"Self-harm: assessment, management and preventing recurrence",safety,safety_only,safety_route_only,P0,pending,requires_chunk_level_high_risk_review,"• seek advice from a healthcare professional or social care practitioners, which may include referral to a healthcare or mental health service • ensure that the person is aware of sources of support such as local NHS urgent mental health helplines, local autho"
NICE_SELF_HARM,NICE_SELF_HARM_d77a0488_00055_814299a1f97e,"Self-harm: assessment, management and preventing recurrence",safety,safety_only,safety_route_only,P0,pending,requires_chunk_level_high_risk_review,"1.8.2 When a person presents to a non-health professional, for example, a teacher or a member of staff in the criminal justice system, the non-health professional should establish the following as soon as possible: • the severity of the injury and how urgently"
NICE_SELF_HARM,NICE_SELF_HARM_d77a0488_00056_a15319421ac4,"Self-harm: assessment, management and preventing recurrence",safety,safety_only,safety_route_only,P0,pending,requires_chunk_level_high_risk_review,These should include: • how to identify self-harm behaviours • how to assess the needs of students • what do to if they suspect a student is self-harming • how to support the student's close friends and peer group.
NICE_SELF_HARM,NICE_SELF_HARM_d77a0488_00057_f9e9b385cd89,"Self-harm: assessment, management and preventing recurrence",safety,safety_only,safety_route_only,P0,pending,requires_chunk_level_high_risk_review,1.8.4 Educational settings should have a designated lead responsible for: • ensuring that self-harm policies and procedures are implemented • ensuring that self-harm policies and procedures are regularly reviewed and kept up-to-date in line with current nation
NICE_SELF_HARM,NICE_SELF_HARM_d77a0488_00058_fc1531b04a22,"Self-harm: assessment, management and preventing recurrence",safety,safety_only,safety_route_only,P0,pending,requires_chunk_level_high_risk_review,"1.8.6 For students who have self-harmed, the designated lead should seek the advice of mental health professionals to develop a support plan with the student and their family members and carers (as appropriate) for when they are in the educational setting. Thi"
NICE_SELF_HARM,NICE_SELF_HARM_d77a0488_00059_cf3279cf1340,"Self-harm: assessment, management and preventing recurrence",safety,safety_only,safety_route_only,P0,pending,requires_chunk_level_high_risk_review,1.8.9 Staff in criminal justice settings and other secure settings such as immigration removal centres should be aware of support services available to them to support their own wellbeing. 1.8.10 Staff in criminal justice settings and other secure settings suc
NICE_SELF_HARM,NICE_SELF_HARM_d77a0488_00060_a1fc441c1add,"Self-harm: assessment, management and preventing recurrence",safety,safety_only,safety_route_only,P0,pending,requires_chunk_level_high_risk_review,1.8.12 Staff in criminal justice settings and other secure settings such as immigration removal centres should ensure that people who have self-harmed have a safe location to await assessment or treatment following an episode of self-harm. they might affect pr
NICE_SELF_HARM,NICE_SELF_HARM_d77a0488_00061_5f26292cd4e4,"Self-harm: assessment, management and preventing recurrence",safety,safety_only,safety_route_only,P0,pending,requires_chunk_level_high_risk_review,"1.9.1 Consider admission to a general hospital after an episode of self-harm if: • there are concerns about the safety of the person (for example, the person is at risk of violence, abuse or exploitation) and psychiatric admission is not indicated • safeguardi"
NICE_SELF_HARM,NICE_SELF_HARM_d77a0488_00062_b6a7708d19f7,"Self-harm: assessment, management and preventing recurrence",safety,safety_only,safety_route_only,P0,pending,requires_chunk_level_high_risk_review,"1.9.4 Do not delay carrying out a psychosocial assessment or offering mental health treatment if the person is admitted to hospital or needs treatment for physical injuries. 1.9.5 If a person self-harms during a hospital admission, follow the local hospital po"
NICE_SELF_HARM,NICE_SELF_HARM_d77a0488_00064_aab0ffe14908,"Self-harm: assessment, management and preventing recurrence",safety,safety_only,safety_route_only,P0,pending,requires_chunk_level_high_risk_review,"1.10.2 If there are ongoing safety concerns for the person after an episode of self-harm, the mental health team, GP, team who carried out the psychosocial assessment or the team responsible for their care should provide initial aftercare within 48 hours of th"
NICE_SELF_HARM,NICE_SELF_HARM_d77a0488_00065_6818a499a42d,"Self-harm: assessment, management and preventing recurrence",safety,safety_only,safety_route_only,P0,pending,requires_chunk_level_high_risk_review,"1.11 Interventions for self-harm The recommendations in this section apply to all healthcare professionals unless otherwise stated. 1.11.1 When planning treatment following self-harm, take into account any associated coexisting conditions and the psychosocial "
NICE_SELF_HARM,NICE_SELF_HARM_d77a0488_00066_e8c97871e4e9,"Self-harm: assessment, management and preventing recurrence",safety,safety_only,safety_route_only,P0,pending,requires_chunk_level_high_risk_review,"1.11.2 For guidance on how to treat coexisting conditions that may be related to self- harm, also see the NICE guidelines on: • Alcohol-use disorders • Autism spectrum disorder in adults • Autism spectrum disorder in under 19s • Bipolar disorder • Borderline p"
NICE_SELF_HARM,NICE_SELF_HARM_d77a0488_00067_751c9186ffa4,"Self-harm: assessment, management and preventing recurrence",safety,safety_only,safety_route_only,P0,pending,requires_chunk_level_high_risk_review,"• Psychosis and schizophrenia in adults • Post-traumatic stress disorder. 1.11.3 Offer a structured, person-centred, cognitive behavioural therapy (CBT)-informed psychological intervention (for example, CBT or problem-solving therapy) that is specifically tail"
NICE_SELF_HARM,NICE_SELF_HARM_d77a0488_00068_fe1627602932,"Self-harm: assessment, management and preventing recurrence",safety,safety_only,safety_route_only,P0,pending,requires_chunk_level_high_risk_review,"1.11.5 Healthcare staff should be appropriately trained and supervised in the therapy they are offering to people who self-harm. 1.11.6 Work collaboratively with the person, using a strengths-based approach to identify solutions to reduce their distress that l"
NICE_SELF_HARM,NICE_SELF_HARM_d77a0488_00069_3ef6db7f5625,"Self-harm: assessment, management and preventing recurrence",safety,safety_only,safety_route_only,P0,pending,requires_chunk_level_high_risk_review,"• identify family members or friends to provide support and/or help resolve the crisis • include contact details for the mental health service, including out-of-hours services and emergency contact details • keep the environment safe by working collaboratively"
NICE_SELF_HARM,NICE_SELF_HARM_d77a0488_00071_5b76efaf9304,"Self-harm: assessment, management and preventing recurrence",safety,safety_only,safety_route_only,P0,pending,requires_chunk_level_high_risk_review,"• as part of an overall approach to the person's ongoing recovery-focused care and support, and not as a standalone intervention and • after being discussed and agreed in a collaborative way with the person and their family members or carers (as appropriate), "
NICE_SELF_HARM,NICE_SELF_HARM_d77a0488_00072_5c8e6d3c67b2,"Self-harm: assessment, management and preventing recurrence",safety,safety_only,safety_route_only,P0,pending,requires_chunk_level_high_risk_review,"Therapeutic risk taking 1.11.14 Therapeutic risk taking should only be used after a psychosocial assessment (see the section on psychosocial assessment and care by mental health professionals), and should: • include other relevant professionals involved in the"
NICE_SELF_HARM,NICE_SELF_HARM_d77a0488_00074_33dcc407d6a0,"Self-harm: assessment, management and preventing recurrence",safety,safety_only,safety_route_only,P0,pending,requires_chunk_level_high_risk_review,"1.12.2 Do not use staff who are untrained in clinical observation (for example, security staff or trainee health and social care staff) to undertake such observations in a person who has self-harmed. 1.12.3 Ensure that the care plans of people who have self-ha"
NICE_SELF_HARM,NICE_SELF_HARM_d77a0488_00075_e7608e936530,"Self-harm: assessment, management and preventing recurrence",safety,safety_only,safety_route_only,P0,pending,requires_chunk_level_high_risk_review,"accessible to the people they are caring for, to encourage interaction, particularly during handovers and busy periods. 1.12.5 Assess the safety of the environment, balancing respect for the person's autonomy against the need for restrictions. Use the least re"
NICE_SELF_HARM,NICE_SELF_HARM_d77a0488_00077_9aeca74506a7,"Self-harm: assessment, management and preventing recurrence",safety,safety_only,safety_route_only,P0,pending,requires_chunk_level_high_risk_review,• the person's wider access to medicines prescribed for themselves or others • the need for effective communication where multiple prescribers are involved. Also see the section on reducing access to methods of suicide in the NICE guideline on preventing suici
NICE_SELF_HARM,NICE_SELF_HARM_d77a0488_00079_0087bd8291ab,"Self-harm: assessment, management and preventing recurrence",safety,safety_only,safety_route_only,P0,pending,requires_chunk_level_high_risk_review,"1.14 Training 1.14.1 Training for all staff who work with people of any age who self-harm should: • involve people who self-harm and, where appropriate, their families or carers, and staff in the planning, delivery and evaluation of training • be available in "
NICE_SELF_HARM,NICE_SELF_HARM_d77a0488_00080_bd517e9860ef,"Self-harm: assessment, management and preventing recurrence",safety,safety_only,safety_route_only,P0,pending,requires_chunk_level_high_risk_review,"Training should cover: • the range of different behaviours that can be considered self-harm • treating and managing episodes of self-harm, including de-escalation using the least restrictive measures • discussing self-harm with the person in an open way to exp"
NICE_SELF_HARM,NICE_SELF_HARM_d77a0488_00081_108baaab5d88,"Self-harm: assessment, management and preventing recurrence",safety,safety_only,safety_route_only,P0,pending,requires_chunk_level_high_risk_review,"• education about the stigma and discrimination usually associated with self- harm and the need to avoid judgemental attitudes • recognising the impact of other diagnoses and comorbidities, and how they interact with self-harm • balancing patient autonomy and "
NICE_SELF_HARM,NICE_SELF_HARM_d77a0488_00082_aabc029eed27,"Self-harm: assessment, management and preventing recurrence",safety,safety_only,safety_route_only,P0,pending,requires_chunk_level_high_risk_review,"1.14.4 All staff observing people who have self-harmed should also be trained in therapeutic observation methods, including engagement and rapport building."
NICE_SELF_HARM,NICE_SELF_HARM_d77a0488_00084_e7d2fd7cde5f,"Self-harm: assessment, management and preventing recurrence",safety,safety_only,safety_route_only,P0,pending,requires_chunk_level_high_risk_review,"1.15.2 Ensure that all staff working with people who self-harm have easily accessible ongoing support from senior staff with relevant skills, training and experience. Support should include: • clear lines of responsibility around decision making, particularly "
NICE_SELF_HARM,NICE_SELF_HARM_d77a0488_00086_87abea731e41,"Self-harm: assessment, management and preventing recurrence",safety,safety_only,safety_route_only,P0,pending,requires_chunk_level_high_risk_review,Terms used in this guideline This section defines terms that have been used in a particular way for this guideline. Care plan The plan of treatment or healthcare to be provided to the service user. It typically documents the needs and safety considerations of 
NICE_SELF_HARM,NICE_SELF_HARM_d77a0488_00087_1fe046f85da5,"Self-harm: assessment, management and preventing recurrence",safety,safety_only,safety_route_only,P0,pending,requires_chunk_level_high_risk_review,"The Cochrane review that NICE drew on to evaluate research evidence for this guideline used a broad conceptualisation that included treatments focused on modifying thoughts, behaviours, and problem-solving skills. Clinical observation A therapeutic interventio"
NICE_SELF_HARM,NICE_SELF_HARM_d77a0488_00088_fd3238ec42b6,"Self-harm: assessment, management and preventing recurrence",safety,safety_only,safety_route_only,P0,pending,requires_chunk_level_high_risk_review,"strategies and policies within the education setting for the care of students with mental health problems, including self-harm. The designated lead liaises with external agencies and parents to work collaboratively in supporting students' needs with an awarene"
NICE_SELF_HARM,NICE_SELF_HARM_d77a0488_00090_4fd69b90199a,"Self-harm: assessment, management and preventing recurrence",safety,safety_only,safety_route_only,P0,pending,requires_chunk_level_high_risk_review,Risk formulation A collaborative process between the person who has self-harmed and a mental health professional that aims to summarise the person's current risks and difficulties and
NICE_SELF_HARM,NICE_SELF_HARM_d77a0488_00091_15cfdcd86ebf,"Self-harm: assessment, management and preventing recurrence",safety,safety_only,safety_route_only,P0,pending,requires_chunk_level_high_risk_review,"understand why they are happening in order to inform a treatment plan. Formulation typically includes taking into consideration historical factors and experiences, more recent problems, and existing strengths and resources. Safety plan A written, prioritised l"
NICE_SELF_HARM,NICE_SELF_HARM_d77a0488_00092_b49a590d9cb6,"Self-harm: assessment, management and preventing recurrence",safety,safety_only,safety_route_only,P0,pending,requires_chunk_level_high_risk_review,"Therapeutic risk taking A process that aims to empower people who self-harm to make decisions about their own safety and to take risks to enable recovery. Key principles include joint decision making, clear information sharing, drawing on existing strengths, c"
NICE_SELF_HARM,NICE_SELF_HARM_d77a0488_00093_42e979b5da2c,"Self-harm: assessment, management and preventing recurrence",safety,safety_only,safety_route_only,P0,pending,requires_chunk_level_high_risk_review,"Recommendations for research The guideline committee has made the following recommendations for research. 1 Models of care What is the effectiveness of different models of care for children and young people who self-harm? research, see the rationale section on"
NICE_SELF_HARM,NICE_SELF_HARM_d77a0488_00098_f71b4725272a,"Self-harm: assessment, management and preventing recurrence",safety,safety_only,safety_route_only,P0,pending,requires_chunk_level_high_risk_review,The committee agreed that information should be available to the person's family and carers where appropriate and in agreement with the person. There was evidence that family members and carers have additional information and support needs specific to their ex
NICE_SELF_HARM,NICE_SELF_HARM_d77a0488_00099_584b4fc2539f,"Self-harm: assessment, management and preventing recurrence",safety,safety_only,safety_route_only,P0,pending,requires_chunk_level_high_risk_review,The evidence also suggested that people and their family and carers find it difficult to get the information or support they need.
NICE_SELF_HARM,NICE_SELF_HARM_d77a0488_00101_3a45b4bea805,"Self-harm: assessment, management and preventing recurrence",safety,safety_only,safety_route_only,P0,pending,requires_chunk_level_high_risk_review,"The recommendations may mean that providers need to change the information they give, but the cost should be minimal and will result in people who self- harm and their family and carers being better informed about self-harm and their care options. The recommen"
NICE_SELF_HARM,NICE_SELF_HARM_d77a0488_00102_9044e14fe77f,"Self-harm: assessment, management and preventing recurrence",safety,safety_only,safety_route_only,P0,pending,requires_chunk_level_high_risk_review,"decisions about a person's care without their consent or when breaching confidentiality. They recommended that staff have access to experienced colleagues for advice at all times, and to legal advice as needed to allow them to provide care with confidence. The"
NICE_SELF_HARM,NICE_SELF_HARM_d77a0488_00103_3ce0cc1ad25d,"Self-harm: assessment, management and preventing recurrence",safety,safety_only,safety_route_only,P0,pending,requires_chunk_level_high_risk_review,"This was supported by qualitative evidence from review for involving family members and carers, that family members and carers want to be more involved in the management of self-harm, whereas people who have self-harmed find information sharing without their c"
NICE_SELF_HARM,NICE_SELF_HARM_d77a0488_00104_0a89bf4d09f5,"Self-harm: assessment, management and preventing recurrence",safety,safety_only,safety_route_only,P0,pending,requires_chunk_level_high_risk_review,"This will enable staff to intervene in situations where safeguarding is a concern to reduce the risk of further harm to the person. The committee agree that a multi-agency approach to safeguarding would promote collaborative working between different sectors, "
NICE_SELF_HARM,NICE_SELF_HARM_d77a0488_00105_1a6175b51f97,"Self-harm: assessment, management and preventing recurrence",safety,safety_only,safety_route_only,P0,pending,requires_chunk_level_high_risk_review,"therefore improving the service provided to the person. These recommendations are in line with existing recommended practice, but may also enable better communication and transitions across services through multi-agency approaches. Involving family members and"
NICE_SELF_HARM,NICE_SELF_HARM_d77a0488_00106_e3af29c0cac8,"Self-harm: assessment, management and preventing recurrence",safety,safety_only,safety_route_only,P0,pending,requires_chunk_level_high_risk_review,"The committee highlighted if the person has not given consent, family and carers can still share information with healthcare professionals, which can provide helpful insights to make a holistic assessment of, and base their professional judgements on, the need"
NICE_SELF_HARM,NICE_SELF_HARM_d77a0488_00107_b7202a738bbe,"Self-harm: assessment, management and preventing recurrence",safety,safety_only,safety_route_only,P0,pending,requires_chunk_level_high_risk_review,These recommendations should make it easier for healthcare professionals to recognise when it is appropriate to involve family members and carers in the care of people who
NICE_SELF_HARM,NICE_SELF_HARM_d77a0488_00108_2bc16f7cef7d,"Self-harm: assessment, management and preventing recurrence",safety,safety_only,safety_route_only,P0,pending,requires_chunk_level_high_risk_review,"have self-harmed. They should also enable family members and carers to be involved in care in a way that is collaborative and helpful for the person who has self-harmed. Providers may need to change how they involve family members and carers, but the costs are"
NICE_SELF_HARM,NICE_SELF_HARM_d77a0488_00109_211975f0cf24,"Self-harm: assessment, management and preventing recurrence",safety,safety_only,safety_route_only,P0,pending,requires_chunk_level_high_risk_review,"The committee agreed the factors to take into account in the psychosocial assessment, and what it should include. The committee agreed that delaying a psychosocial assessment could result in the person receiving inappropriate treatment. They discussed that if "
NICE_SELF_HARM,NICE_SELF_HARM_d77a0488_00110_c1320dddac3f,"Self-harm: assessment, management and preventing recurrence",safety,safety_only,safety_route_only,P0,pending,requires_chunk_level_high_risk_review,"higher standard of care and inform the assessment, including whether certain questions should be prioritised. There was evidence that people value privacy and having a safe and trusted environment when discussing self-harm. The committee agreed the self-harm f"
NICE_SELF_HARM,NICE_SELF_HARM_d77a0488_00112_d812bb40c33a,"Self-harm: assessment, management and preventing recurrence",safety,safety_only,safety_route_only,P0,pending,requires_chunk_level_high_risk_review,"However, the committee agreed that this recommendation was still important based on their knowledge that the individual circumstances of the person, including whether they are continuing to self-harm, should be assessed to evaluate whether a multidisciplinary "
NICE_SELF_HARM,NICE_SELF_HARM_d77a0488_00113_b6c43a56fa01,"Self-harm: assessment, management and preventing recurrence",safety,safety_only,safety_route_only,P0,pending,requires_chunk_level_high_risk_review,"Most of the recommendations are based on existing recommended practice with some additional considerations that should have a minimal effect on costs, depending on how services currently assess people who have self-harmed. Risk assessment tools and scales Reco"
NICE_SELF_HARM,NICE_SELF_HARM_d77a0488_00114_3bdd4c72be03,"Self-harm: assessment, management and preventing recurrence",safety,safety_only,safety_route_only,P0,pending,requires_chunk_level_high_risk_review,"The committee agreed that assessment of a person's needs, vulnerabilities, and safety should be a part of every assessment and that 'risk' should not be used to determine care management in isolation of other factors. They agreed that all staff should use thei"
NICE_SELF_HARM,NICE_SELF_HARM_d77a0488_00115_af4cc57bc8e2,"Self-harm: assessment, management and preventing recurrence",safety,safety_only,safety_route_only,P0,pending,requires_chunk_level_high_risk_review,"Risk assessment tools and scales are still used in some settings to determine access to treatment and care. The recommendations might have an initial effect on costs, depending on how services currently assess people who have self-harmed; however, service prov"
NICE_SELF_HARM,NICE_SELF_HARM_d77a0488_00116_11f07392e495,"Self-harm: assessment, management and preventing recurrence",safety,safety_only,safety_route_only,P0,pending,requires_chunk_level_high_risk_review,"They agreed it is important to give advice about assessment and care in different settings, but the lack of evidence meant they were unable to be more specific. The committee made a recommendation for research on the most effective approaches to assessment in "
NICE_SELF_HARM,NICE_SELF_HARM_d77a0488_00117_0c0c571b7188,"Self-harm: assessment, management and preventing recurrence",safety,safety_only,safety_route_only,P0,pending,requires_chunk_level_high_risk_review,"Evidence showed that people who had self-harmed value positive, compassionate support after an episode of self-harm. The committee agreed that"
NICE_SELF_HARM,NICE_SELF_HARM_d77a0488_00118_a949cace6c7e,"Self-harm: assessment, management and preventing recurrence",safety,safety_only,safety_route_only,P0,pending,requires_chunk_level_high_risk_review,"the person carrying out the assessment should gather information from other sources, such as professionals, practitioners and family members, in order for the assessment to be as accurate as possible, and ask about potential coping strategies to inform any fut"
NICE_SELF_HARM,NICE_SELF_HARM_d77a0488_00119_90ee1d675720,"Self-harm: assessment, management and preventing recurrence",safety,safety_only,safety_route_only,P0,pending,requires_chunk_level_high_risk_review,"The committee agreed that physical healthcare and mental healthcare should always be delivered concurrently so neither is prioritised at the expense of the other, and to prevent treatment delays. Non-specialist healthcare professionals and social care practiti"
NICE_SELF_HARM,NICE_SELF_HARM_d77a0488_00121_2e2384aed06b,"Self-harm: assessment, management and preventing recurrence",safety,safety_only,safety_route_only,P0,pending,requires_chunk_level_high_risk_review,The committee agreed that information about the person's situation should be recorded because it is invaluable for mental health staff when they carry out the psychosocial assessment. The committee agreed that collaboration between ambulance staff and the pers
NICE_SELF_HARM,NICE_SELF_HARM_d77a0488_00122_280cf6c77347,"Self-harm: assessment, management and preventing recurrence",safety,safety_only,safety_route_only,P0,pending,requires_chunk_level_high_risk_review,"The committee also discussed factors that should be considered when deciding whether alternative services should be used, to ensure that the person receives the best possible care without delay. Assessment and care by non-mental health emergency department pro"
NICE_SELF_HARM,NICE_SELF_HARM_d77a0488_00123_724817c09c4e,"Self-harm: assessment, management and preventing recurrence",safety,safety_only,safety_route_only,P0,pending,requires_chunk_level_high_risk_review,Evidence from the qualitative review on the information and support needs of people who have self-harmed showed that people value privacy and a safe and trusted environment when discussing self-harm. The committee agreed that people who have self-harmed may fe
NICE_SELF_HARM,NICE_SELF_HARM_d77a0488_00124_944dbac2d38d,"Self-harm: assessment, management and preventing recurrence",safety,safety_only,safety_route_only,P0,pending,requires_chunk_level_high_risk_review,"The committee based the governance recommendations on the Healthcare Safety Information Branch (HSIB) report on investigation into the provision of mental health care to patients presenting at the emergency department (2018), which found that clarity about ser"
NICE_SELF_HARM,NICE_SELF_HARM_d77a0488_00125_b2aefed62d48,"Self-harm: assessment, management and preventing recurrence",safety,safety_only,safety_route_only,P0,pending,requires_chunk_level_high_risk_review,"The committee also agreed it is important that mechanical restraint is not used on people to prevent them from leaving the emergency department or from self-harming, because in their experience, this results in increased distress and a loss of autonomy and dig"
NICE_SELF_HARM,NICE_SELF_HARM_d77a0488_00126_91cbe22a8d5b,"Self-harm: assessment, management and preventing recurrence",safety,safety_only,safety_route_only,P0,pending,requires_chunk_level_high_risk_review,"The recommendations are also based on evidence from the review on models of care, which showed that specialist psychosocial assessment by mental health staff had an important benefit in terms of self-harm repetition over 12 months. The recommendation about obs"
NICE_SELF_HARM,NICE_SELF_HARM_d77a0488_00128_14cdc7196b63,"Self-harm: assessment, management and preventing recurrence",safety,safety_only,safety_route_only,P0,pending,requires_chunk_level_high_risk_review,"They agreed that when this occurs, social care practitioners should refer the person to local mental health services to ensure they start on a care pathway and receive appropriate care. The committee agreed that social care services should be provided in conju"
NICE_SELF_HARM,NICE_SELF_HARM_d77a0488_00129_266c0ac134cc,"Self-harm: assessment, management and preventing recurrence",safety,safety_only,safety_route_only,P0,pending,requires_chunk_level_high_risk_review,The recommendation that people who have self-harmed should have access to age-appropriate liaison psychiatry in emergency departments and general hospital settings should not have a cost or resource impact because this should already be standard practice.
NICE_SELF_HARM,NICE_SELF_HARM_d77a0488_00132_bd81de5d1070,"Self-harm: assessment, management and preventing recurrence",safety,safety_only,safety_route_only,P0,pending,requires_chunk_level_high_risk_review,"There was also qualitative evidence from the review on information and support needs of parents and carers, which showed that carers often urgently seek information from qualified healthcare professionals or social care practitioners on discovery of self-harm."
NICE_SELF_HARM,NICE_SELF_HARM_d77a0488_00134_c77baf03b8f6,"Self-harm: assessment, management and preventing recurrence",safety,safety_only,safety_route_only,P0,pending,requires_chunk_level_high_risk_review,"The committee agreed that formal policies and procedures and a designated lead on self- harm would ensure educational staff would be equipped with appropriate means to respond to self-harm and be supported in their decision making, boosting staff confidence an"
NICE_SELF_HARM,NICE_SELF_HARM_d77a0488_00135_a5b647d07f7e,"Self-harm: assessment, management and preventing recurrence",safety,safety_only,safety_route_only,P0,pending,requires_chunk_level_high_risk_review,They agreed that staff awareness of the high rates of self-harm would allow them to be better prepared to assess and care for people who self-harm. They also agreed staff should be aware of support services that are available to them to ensure that their own s
NICE_SELF_HARM,NICE_SELF_HARM_d77a0488_00136_b45c03d40373,"Self-harm: assessment, management and preventing recurrence",safety,safety_only,safety_route_only,P0,pending,requires_chunk_level_high_risk_review,"The committee also agreed that the NICE guideline on the mental health of adults in contact with the criminal justice system contained a lot of detail about assessment, especially in prisons, and that staff knowledge of this guideline would ensure staff in the"
NICE_SELF_HARM,NICE_SELF_HARM_d77a0488_00137_30c1a0f9a87b,"Self-harm: assessment, management and preventing recurrence",safety,safety_only,safety_route_only,P0,pending,requires_chunk_level_high_risk_review,"The recommendations should also allow for better communication between services, including between non-health and healthcare settings. Most of the recommendations are based on existing best practice with some additional considerations that should have a minima"
NICE_SELF_HARM,NICE_SELF_HARM_d77a0488_00138_72f493e07c2e,"Self-harm: assessment, management and preventing recurrence",safety,safety_only,safety_route_only,P0,pending,requires_chunk_level_high_risk_review,"The committee agreed that despite the lack of evidence for the benefit of admitting people to hospital, in some cases it can be helpful to give the person time to recover or if there are safeguarding concerns. If it is necessary to admit a young person who has"
NICE_SELF_HARM,NICE_SELF_HARM_d77a0488_00140_1bd56faad733,"Self-harm: assessment, management and preventing recurrence",safety,safety_only,safety_route_only,P0,pending,requires_chunk_level_high_risk_review,"The recommendations should reduce variation in practice, and reduce the potential for distress because of any unnecessary admissions. The recommendations could increase the number of beds available in hospitals and reduce overall costs related to overnight adm"
NICE_SELF_HARM,NICE_SELF_HARM_d77a0488_00143_ada88538b3d7,"Self-harm: assessment, management and preventing recurrence",safety,safety_only,safety_route_only,P0,pending,requires_chunk_level_high_risk_review,"Qualitative evidence from the review on information and support needs for people who have self-harmed also showed that people value proactive, prompt follow-up and find long waiting times frustrating. However, there were concerns about resourcing and capacity "
NICE_SELF_HARM,NICE_SELF_HARM_d77a0488_00144_de846c0c2d8b,"Self-harm: assessment, management and preventing recurrence",safety,safety_only,safety_route_only,P0,pending,requires_chunk_level_high_risk_review,"The committee agreed, based on their experience, that continuity of personnel from initial assessment to aftercare allows people to gain familiarity"
NICE_SELF_HARM,NICE_SELF_HARM_d77a0488_00145_32b676310b90,"Self-harm: assessment, management and preventing recurrence",safety,safety_only,safety_route_only,P0,pending,requires_chunk_level_high_risk_review,"with particular professionals, improving satisfaction and service engagement, and reducing the risk of distress or hopelessness. Evidence from the review on models of care showed that a continuity chain protocol has a possible important benefit in terms of eng"
NICE_SELF_HARM,NICE_SELF_HARM_d77a0488_00146_8c3e2af728cb,"Self-harm: assessment, management and preventing recurrence",safety,safety_only,safety_route_only,P0,pending,requires_chunk_level_high_risk_review,"They should lead to a reduction in people waiting for up to 72 hours for aftercare following presentation for self- harm. Providing initial aftercare within 48 hours for people if there are ongoing safety concerns should reduce repeat self-harm and suicide, an"
NICE_SELF_HARM,NICE_SELF_HARM_d77a0488_00147_cf9c6aa398cc,"Self-harm: assessment, management and preventing recurrence",safety,safety_only,safety_route_only,P0,pending,requires_chunk_level_high_risk_review,"They agreed this would ensure that treatment for any coexisting conditions that could be linked to self-harm are prioritised, enabling healthcare professionals to provide the most appropriate intervention for the"
NICE_SELF_HARM,NICE_SELF_HARM_d77a0488_00148_760f134cb947,"Self-harm: assessment, management and preventing recurrence",safety,safety_only,safety_route_only,P0,pending,requires_chunk_level_high_risk_review,"individual, and resulting in more person-centred, higher-quality care. The committee referred to a number of other NICE guidelines for conditions that can be linked to self- harm, and agreed it is important that healthcare professionals plan treatment for peop"
NICE_SELF_HARM,NICE_SELF_HARM_d77a0488_00150_4f7b073568aa,"Self-harm: assessment, management and preventing recurrence",safety,safety_only,safety_route_only,P0,pending,requires_chunk_level_high_risk_review,"The committee extrapolated the evidence based on their confidence that DBT-A is likely to be similarly effective in younger children and boys as it is in over-12s and girls; however, the committee agreed they could not be sure that DBT-A would be similarly eff"
NICE_SELF_HARM,NICE_SELF_HARM_d77a0488_00151_d55c4fcf384d,"Self-harm: assessment, management and preventing recurrence",safety,safety_only,safety_route_only,P0,pending,requires_chunk_level_high_risk_review,The committee agreed that any therapy offered should be delivered by staff with training in the relevant therapy and who are receiving appropriate supervision. This is to ensure the competence of the professional delivering the training allows for the needs of
NICE_SELF_HARM,NICE_SELF_HARM_d77a0488_00152_7a9e9b2e08bf,"Self-harm: assessment, management and preventing recurrence",safety,safety_only,safety_route_only,P0,pending,requires_chunk_level_high_risk_review,agreed that further limitations on which staff could deliver therapies were unnecessary and could result in implementation difficulties and delays in treatment provision. The recommendation that treatment should be offered without delay was based on the commit
NICE_SELF_HARM,NICE_SELF_HARM_d77a0488_00153_ba157635b0c5,"Self-harm: assessment, management and preventing recurrence",safety,safety_only,safety_route_only,P0,pending,requires_chunk_level_high_risk_review,"This was supplemented by qualitative evidence from both staff skills reviews, which showed that individualised coping strategies are important to people who have self-harmed, and that specialist staff identified safety planning as an important technique to hel"
NICE_SELF_HARM,NICE_SELF_HARM_d77a0488_00154_d71282743d32,"Self-harm: assessment, management and preventing recurrence",safety,safety_only,safety_route_only,P0,pending,requires_chunk_level_high_risk_review,"The committee agreed that sharing the care plan with family and friends when appropriate could provide the benefit of social connectedness between the person and their sources of support, which is a protective factor against self-harm. The committee agreed tha"
NICE_SELF_HARM,NICE_SELF_HARM_d77a0488_00158_d0ac9cb116c7,"Self-harm: assessment, management and preventing recurrence",safety,safety_only,safety_route_only,P0,pending,requires_chunk_level_high_risk_review,"They agreed that there are benefits to taking therapeutic risks when working with people who have self-harmed. However, the lack of evidence meant they were unable to be more specific about when therapeutic risk taking should be considered. The committee agree"
NICE_SELF_HARM,NICE_SELF_HARM_d77a0488_00159_2d5ddec8d7e0,"Self-harm: assessment, management and preventing recurrence",safety,safety_only,safety_route_only,P0,pending,requires_chunk_level_high_risk_review,"therapeutic risk taking resulting in assessment or care being withheld could potentially lead to significant increased rates of repeat self-harm or suicide, and agreed it is important to recommend that risk-taking strategies should only follow a psychosocial a"
NICE_SELF_HARM,NICE_SELF_HARM_d77a0488_00160_114e48e38952,"Self-harm: assessment, management and preventing recurrence",safety,safety_only,safety_route_only,P0,pending,requires_chunk_level_high_risk_review,"The recommendations should increase the number of people receiving psychological interventions after an episode of self-harm, and reduce the number of people denied appropriate interventions because of limited or no availability. In turn, this should reduce re"
NICE_SELF_HARM,NICE_SELF_HARM_d77a0488_00161_513c347ad366,"Self-harm: assessment, management and preventing recurrence",safety,safety_only,safety_route_only,P0,pending,requires_chunk_level_high_risk_review,"The recommendation that psychological interventions should be available could also have a resource impact depending on how many centres do not currently offer these therapies. For those that do not, training and additional staffing may be needed for these inte"
NICE_SELF_HARM,NICE_SELF_HARM_d77a0488_00164_449dc58fd86c,"Self-harm: assessment, management and preventing recurrence",safety,safety_only,safety_route_only,P0,pending,requires_chunk_level_high_risk_review,"Although it is important to ensure a safe physical environment for all mental health inpatients, the committee noted that a particular focus on safety is needed for people who have self-harmed. However, the committee agreed that safety considerations should no"
NICE_SELF_HARM,NICE_SELF_HARM_d77a0488_00167_703dd491be4d,"Self-harm: assessment, management and preventing recurrence",safety,safety_only,safety_route_only,P0,pending,requires_chunk_level_high_risk_review,The committee acknowledged the importance of shared decision making with people who have self-harmed when prescribing medicines in order to balance the risk of the person stockpiling medicines with their autonomy to improve patient satisfaction and adherence t
NICE_SELF_HARM,NICE_SELF_HARM_d77a0488_00168_691e72e125d7,"Self-harm: assessment, management and preventing recurrence",safety,safety_only,safety_route_only,P0,pending,requires_chunk_level_high_risk_review,The committee agreed that a review of all current and any new medicines should be considered after an episode of self-harm. The committee identified that healthcare professionals could consider contacting the National Poisons Information Service for further ad
NICE_SELF_HARM,NICE_SELF_HARM_d77a0488_00171_fd40909558ce,"Self-harm: assessment, management and preventing recurrence",safety,safety_only,safety_route_only,P0,pending,requires_chunk_level_high_risk_review,"The recommendations are based on the evidence from specialist and non-specialist staff, people who have self-harmed who have had care provided by specialist and non-specialist staff, and their parents and carers, which showed that there is a significant overla"
NICE_SELF_HARM,NICE_SELF_HARM_d77a0488_00175_1d808bd0a46e,"Self-harm: assessment, management and preventing recurrence",safety,safety_only,safety_route_only,P0,pending,requires_chunk_level_high_risk_review,"The committee highlighted that supervision should focus on ongoing skills development, because there was evidence that staff feel that they are not suitably trained or confident in caring for people who had self-harmed, especially in crisis situations. There w"
NICE_SELF_HARM,NICE_SELF_HARM_d77a0488_00176_84d86f93dbc1,"Self-harm: assessment, management and preventing recurrence",safety,safety_only,safety_route_only,P0,pending,requires_chunk_level_high_risk_review,"The committee were concerned that anxiety around fear of litigation in difficult situations could impact quality of care, and agreed that support for staff working with people who self-harm should reinforce lines of responsibility and provide advice to facilit"
NICE_SELF_HARM,NICE_SELF_HARM_d77a0488_00177_ad61734b10e5,"Self-harm: assessment, management and preventing recurrence",safety,safety_only,safety_route_only,P0,pending,requires_chunk_level_high_risk_review,"committee agreed that in their experience and expertise, it is often more appropriate for the member of staff to speak to someone removed from the situation and not necessarily their clinical supervisor, and agreed that all staff should have access to emotiona"
NICE_SELF_HARM,NICE_SELF_HARM_d77a0488_00180_a703130ef9ae,"Self-harm: assessment, management and preventing recurrence",safety,safety_only,safety_route_only,P0,pending,requires_chunk_level_high_risk_review,"For some people, self-harm is a one-off episode but repetition is also common, with 20% of people repeating self-harm within a year. People who have self-harmed are at greatly increased risk of suicide, with a 30- to 50-fold increase in risk in the year after "
NICE_SELF_HARM,NICE_SELF_HARM_d77a0488_00181_f169ee83a8b2,"Self-harm: assessment, management and preventing recurrence",safety,safety_only,safety_route_only,P0,pending,requires_chunk_level_high_risk_review,About half of the people who attend an emergency department after an episode of self-harm will have visited their GP in the previous month. Page 75 of
NICE_SELF_HARM,NICE_SELF_HARM_d77a0488_00183_407af8371e25,"Self-harm: assessment, management and preventing recurrence",safety,safety_only,safety_route_only,P0,pending,requires_chunk_level_high_risk_review,Update information September 2022: This guideline updates and replaces NICE guideline CG16 (published July 2004) and NICE guideline CG133 (published November 2011). Minor changes since publication August 2024: We have simplified the guideline by removing recom
NICE_SELF_HARM,NICE_SELF_HARM_a28a503c_00000_dcaa3c75c2ac,"Self-harm: assessment, management and preventing recurrence",safety,safety_only,safety_route_only,P0,pending,requires_chunk_level_high_risk_review,"Overview | Self-harm: assessment, management and preventing recurrence | Guidance | NICE Self-harm: assessment, management and preventing recurrence"
NICE_SELF_HARM,NICE_SELF_HARM_a28a503c_00002_6696cafd3593,"Self-harm: assessment, management and preventing recurrence",safety,safety_only,safety_route_only,P0,pending,requires_chunk_level_high_risk_review,"This guideline covers assessment, management and preventing recurrence for children, young people and adults who have self-harmed. It includes those with a mental health problem, neurodevelopmental disorder or learning disability and applies to all sectors tha"
NICE_SELF_HARM,NICE_SELF_HARM_a28a503c_00004_9823b9fde589,"Self-harm: assessment, management and preventing recurrence",safety,safety_only,safety_route_only,P0,pending,requires_chunk_level_high_risk_review,"We simplified the guideline by removing recommendations on general principles of care that are covered in other NICE guidelines (for example, the NICE guideline on service user experience in adult mental health ). This is a presentational change only, and no c"
NICE_SELF_HARM,NICE_SELF_HARM_a28a503c_00005_98b1519fe97e,"Self-harm: assessment, management and preventing recurrence",safety,safety_only,safety_route_only,P0,pending,requires_chunk_level_high_risk_review,Next review: This guideline will be reviewed if there is new evidence that is likely to change the recommendations. How we prioritise updating our guidance Decisions about updating our guidance are made by NICE’s prioritisation board. For more information on t
NICE_SELF_HARM,NICE_SELF_HARM_a28a503c_00007_e12c17fb7e32,"Self-harm: assessment, management and preventing recurrence",safety,safety_only,safety_route_only,P0,pending,requires_chunk_level_high_risk_review,involving family members and carers psychosocial assessment and care by mental health professionals risk assessment tools and scales assessment and care by healthcare professionals and social care practitioners assessment and care by professionals from other s
NICE_SELF_HARM,NICE_SELF_HARM_a28a503c_00008_a893760837af,"Self-harm: assessment, management and preventing recurrence",safety,safety_only,safety_route_only,P0,pending,requires_chunk_level_high_risk_review,"Who is it for? Healthcare professionals and social care practitioners, commissioners and providers Staff in educational settings"
NICE_SELF_HARM,NICE_SELF_HARM_a28a503c_00009_dc3e34a3bd5b,"Self-harm: assessment, management and preventing recurrence",safety,safety_only,safety_route_only,P0,pending,requires_chunk_level_high_risk_review,"People using self-harm services, their families and carers Guideline development process How we develop NICE guidelines"
NICE_SELF_HARM,NICE_SELF_HARM_a28a503c_00010_26ab37973f54,"Self-harm: assessment, management and preventing recurrence",safety,safety_only,safety_route_only,P0,pending,requires_chunk_level_high_risk_review,"The recommendations in this guideline represent the view of NICE, arrived at after careful consideration of the evidence available. When exercising their judgement, professionals and practitioners are expected to take this guideline fully into account, alongsi"
NIMH_SUICIDE_PREVENTION,NIMH_SUICIDE_PREVENTION_dcc25fe6_00004_fa6268848bfa,Suicide Prevention,safety,safety_only,safety_route_only,P0,pending,requires_chunk_level_high_risk_review,"What is suicide? Suicide is when people harm themselves with the intent of ending their life, and they die as a result. A suicide attempt is when people harm themselves with the intent of ending their life, but they do not die. People of all backgrounds can be"
NIMH_SUICIDE_PREVENTION,NIMH_SUICIDE_PREVENTION_dcc25fe6_00014_ac9fc79cf511,Suicide Prevention,safety,safety_only,safety_route_only,P0,pending,requires_chunk_level_high_risk_review,Learn how to find help for yourself or someone else. You can also find support and locate mental health services in your area on the Substance Abuse and Mental Health Services Administration website. If you or someone you know is struggling or having thoughts 
WHO_PFA_FACILITATOR_2013,WHO_PFA_FACILITATOR_2013_db57aa0e_00000_470ac2be24e9,Psychological first aid: facilitator's manual for orienting field workers,helping_skills,helping_skills_only,normal,P1,pending,requires_chunk_level_high_risk_review,"This manual is designed to orient helpers to offer psychological first aid (PFA) to people following a serious crisis event. PFA involves humane, supportive and practical assistance for people who are distressed, in ways that respect their dignity, culture and"
WHO_SAFETY_PLANNING_2023,WHO_SAFETY_PLANNING_2023_f6a115fe_00001_e4d3acb01fbf,Safety planning interventions,safety,safety_only,safety_route_only,P0,pending,requires_chunk_level_high_risk_review,"Recommendation(s) Safety planning type-interventions, i.e. interventions based on principles of safety planning which are multicomponent or supplemented with follow-up or support, can be considered. Strength of recommendation: Conditional recommendation. Menta"
WHO_THINKING_HEALTHY_2015,WHO_THINKING_HEALTHY_2015_b5900625_00000_07ca6e20d569,Thinking Healthy: a manual for psychological management of perinatal depression,professional_knowledge,psychoeducation_only,normal,P1,pending,requires_chunk_level_high_risk_review,The Thinking Health manual outlines an evidence-based approach describing how community health workers can reduce prenatal depression through evidence-based cognitive-behavioural techniques recommended by the mhGAP programme. This manual is the first volume of
