chunk_id,source_id,issues,char_count
CCI_ANXIETY_f168eb53_00007_735328b9824c,CCI_ANXIETY,['too_short'],57
CCI_ANXIETY_cd347c73_00000_de2c4cedad48,CCI_ANXIETY,['too_short'],52
CCI_ANXIETY_cd347c73_00006_59b07f6f294d,CCI_ANXIETY,['too_short'],79
CCI_ANXIETY_772e6d01_00003_bea3d78e3fe3,CCI_ANXIETY,['too_short'],54
CCI_ANXIETY_6e6d55a1_00007_53c13a07b63d,CCI_ANXIETY,['too_short'],73
CCI_ANXIETY_75df6d99_00010_7a75eb252a11,CCI_ANXIETY,['too_short'],69
CCI_ANXIETY_4f77f7f2_00000_1108b5c07e0a,CCI_ANXIETY,['too_short'],45
CCI_ANXIETY_1daab2bb_00000_e9727bcf2e08,CCI_ANXIETY,['too_short'],73
CCI_ANXIETY_942c4f40_00000_f8022c6a00ba,CCI_ANXIETY,['too_short'],34
CCI_ANXIETY_c858fb44_00000_6e529f11dba0,CCI_ANXIETY,['too_short'],34
CCI_ANXIETY_1cdbdba5_00000_9650bd66a9b5,CCI_ANXIETY,['too_short'],72
CCI_ANXIETY_1cdbdba5_00009_26a323af8f0f,CCI_ANXIETY,['too_short'],27
CCI_ANXIETY_1cdbdba5_00010_a854cb5ba20a,CCI_ANXIETY,['too_short'],29
CCI_ANXIETY_1cdbdba5_00011_0e497b9a6a35,CCI_ANXIETY,['too_short'],22
CCI_ANXIETY_1cdbdba5_00012_556505861cef,CCI_ANXIETY,['too_short'],31
CCI_ANXIETY_1cdbdba5_00017_e35cfc1c2bc1,CCI_ANXIETY,['too_short'],74
CCI_ANXIETY_87694864_00000_9650bd66a9b5,CCI_ANXIETY,['too_short'],72
CCI_ANXIETY_87694864_00009_26a323af8f0f,CCI_ANXIETY,['too_short'],27
CCI_ANXIETY_87694864_00010_a854cb5ba20a,CCI_ANXIETY,['too_short'],29
CCI_ANXIETY_87694864_00011_0e497b9a6a35,CCI_ANXIETY,['too_short'],22
CCI_ANXIETY_87694864_00012_556505861cef,CCI_ANXIETY,['too_short'],31
CCI_ANXIETY_87694864_00017_e35cfc1c2bc1,CCI_ANXIETY,['too_short'],74
CCI_ANXIETY_6f18c581_00000_9650bd66a9b5,CCI_ANXIETY,['too_short'],72
CCI_ANXIETY_6f18c581_00009_26a323af8f0f,CCI_ANXIETY,['too_short'],27
CCI_ANXIETY_6f18c581_00010_a854cb5ba20a,CCI_ANXIETY,['too_short'],29
CCI_ANXIETY_6f18c581_00011_0e497b9a6a35,CCI_ANXIETY,['too_short'],22
CCI_ANXIETY_6f18c581_00012_556505861cef,CCI_ANXIETY,['too_short'],31
CCI_ANXIETY_6f18c581_00017_e35cfc1c2bc1,CCI_ANXIETY,['too_short'],74
CCI_ANXIETY_73506bab_00000_9650bd66a9b5,CCI_ANXIETY,['too_short'],72
CCI_ANXIETY_73506bab_00009_26a323af8f0f,CCI_ANXIETY,['too_short'],27
CCI_ANXIETY_73506bab_00010_a854cb5ba20a,CCI_ANXIETY,['too_short'],29
CCI_ANXIETY_73506bab_00011_0e497b9a6a35,CCI_ANXIETY,['too_short'],22
CCI_ANXIETY_73506bab_00012_556505861cef,CCI_ANXIETY,['too_short'],31
CCI_ANXIETY_73506bab_00017_e35cfc1c2bc1,CCI_ANXIETY,['too_short'],74
CCI_ASSERTIVENESS_9d6cabae_00005_cba18fd3019d,CCI_ASSERTIVENESS,['too_short'],46
CCI_ASSERTIVENESS_9d6cabae_00008_1fd7d034e8e5,CCI_ASSERTIVENESS,['too_short'],46
CCI_ASSERTIVENESS_d1e23f46_00000_4e679b5f024c,CCI_ASSERTIVENESS,['too_short'],64
CCI_ASSERTIVENESS_d1e23f46_00018_e35cfc1c2bc1,CCI_ASSERTIVENESS,['too_short'],74
CCI_ASSERTIVENESS_46d51f89_00000_4e679b5f024c,CCI_ASSERTIVENESS,['too_short'],64
CCI_ASSERTIVENESS_46d51f89_00018_e35cfc1c2bc1,CCI_ASSERTIVENESS,['too_short'],74
CCI_ASSERTIVENESS_d345308c_00000_4e679b5f024c,CCI_ASSERTIVENESS,['too_short'],64
CCI_ASSERTIVENESS_d345308c_00018_e35cfc1c2bc1,CCI_ASSERTIVENESS,['too_short'],74
CCI_BIPOLAR_1b98b6e7_00014_096f1b59e454,CCI_BIPOLAR,['too_short'],73
CCI_BIPOLAR_1b98b6e7_00024_5ffe3192333d,CCI_BIPOLAR,['too_short'],76
CCI_BIPOLAR_1b98b6e7_00029_9c9c3afd87a3,CCI_BIPOLAR,['too_short'],76
CCI_BIPOLAR_1b98b6e7_00034_2644f3bbd2e8,CCI_BIPOLAR,['too_short'],76
CCI_BIPOLAR_1b98b6e7_00039_a390a485fc7a,CCI_BIPOLAR,['too_short'],76
CCI_BIPOLAR_1b98b6e7_00044_bcc1f3441059,CCI_BIPOLAR,['too_short'],68
CCI_BIPOLAR_2aa1d298_00000_9df95beb1719,CCI_BIPOLAR,['too_short'],57
CCI_BIPOLAR_2aa1d298_00014_5f8dd8aba000,CCI_BIPOLAR,['too_short'],43
CCI_BIPOLAR_2aa1d298_00016_af269da6c7ec,CCI_BIPOLAR,['too_short'],46
CCI_BIPOLAR_2aa1d298_00020_e35cfc1c2bc1,CCI_BIPOLAR,['too_short'],74
CCI_BIPOLAR_51f9e451_00000_9df95beb1719,CCI_BIPOLAR,['too_short'],57
CCI_BIPOLAR_51f9e451_00014_5f8dd8aba000,CCI_BIPOLAR,['too_short'],43
CCI_BIPOLAR_51f9e451_00016_af269da6c7ec,CCI_BIPOLAR,['too_short'],46
CCI_BIPOLAR_51f9e451_00020_e35cfc1c2bc1,CCI_BIPOLAR,['too_short'],74
CCI_BIPOLAR_00b6f5d0_00000_9df95beb1719,CCI_BIPOLAR,['too_short'],57
CCI_BIPOLAR_00b6f5d0_00014_5f8dd8aba000,CCI_BIPOLAR,['too_short'],43
CCI_BIPOLAR_00b6f5d0_00016_af269da6c7ec,CCI_BIPOLAR,['too_short'],46
CCI_BIPOLAR_00b6f5d0_00020_e35cfc1c2bc1,CCI_BIPOLAR,['too_short'],74
CCI_BODY_DYSMORPHIA_21b34315_00051_160ea6062179,CCI_BODY_DYSMORPHIA,['too_short'],74
CCI_BODY_DYSMORPHIA_21b34315_00069_c59649d924d0,CCI_BODY_DYSMORPHIA,['too_short'],57
CCI_BODY_DYSMORPHIA_90b2feb5_00016_5f933ee8a709,CCI_BODY_DYSMORPHIA,['too_short'],79
CCI_BODY_DYSMORPHIA_90b2feb5_00018_5e3d05e158a1,CCI_BODY_DYSMORPHIA,['too_short'],73
CCI_BODY_DYSMORPHIA_90b2feb5_00070_c59649d924d0,CCI_BODY_DYSMORPHIA,['too_short'],57
CCI_BODY_DYSMORPHIA_d1aa9caa_00024_97057d393957,CCI_BODY_DYSMORPHIA,['too_short'],49
CCI_BODY_DYSMORPHIA_d1aa9caa_00037_b4fe8cbce1da,CCI_BODY_DYSMORPHIA,['too_short'],66
CCI_BODY_DYSMORPHIA_6264d2b5_00000_adc00634e31b,CCI_BODY_DYSMORPHIA,['too_short'],62
CCI_BODY_DYSMORPHIA_6264d2b5_00014_e35cfc1c2bc1,CCI_BODY_DYSMORPHIA,['too_short'],74
CCI_BODY_DYSMORPHIA_7e6c122a_00000_adc00634e31b,CCI_BODY_DYSMORPHIA,['too_short'],62
CCI_BODY_DYSMORPHIA_7e6c122a_00014_e35cfc1c2bc1,CCI_BODY_DYSMORPHIA,['too_short'],74
CCI_BODY_DYSMORPHIA_4404997f_00000_adc00634e31b,CCI_BODY_DYSMORPHIA,['too_short'],62
CCI_BODY_DYSMORPHIA_4404997f_00014_e35cfc1c2bc1,CCI_BODY_DYSMORPHIA,['too_short'],74
CCI_DEPRESSION_afef09c8_00013_c7a0b1ef91a6,CCI_DEPRESSION,['too_short'],74
CCI_DEPRESSION_bf718586_00011_bf80ea632de0,CCI_DEPRESSION,['too_short'],67
CCI_DEPRESSION_bf718586_00025_fa9d0658dc46,CCI_DEPRESSION,['too_short'],67
CCI_DEPRESSION_bf718586_00030_80db0e0b6c16,CCI_DEPRESSION,['too_short'],67
CCI_DEPRESSION_226b2a73_00019_6da6d234adfc,CCI_DEPRESSION,['too_short'],37
CCI_DEPRESSION_8ec67d71_00000_1f4be2c46c94,CCI_DEPRESSION,['too_short'],63
CCI_DEPRESSION_8ec67d71_00013_5f8dd8aba000,CCI_DEPRESSION,['too_short'],43
CCI_DEPRESSION_8ec67d71_00014_1cbd12efcf4c,CCI_DEPRESSION,['too_short'],60
CCI_DEPRESSION_8ec67d71_00016_6c0054abaa9b,CCI_DEPRESSION,['too_short'],30
CCI_DEPRESSION_8ec67d71_00021_e35cfc1c2bc1,CCI_DEPRESSION,['too_short'],74
CCI_DEPRESSION_32bcb377_00000_1f4be2c46c94,CCI_DEPRESSION,['too_short'],63
CCI_DEPRESSION_32bcb377_00013_5f8dd8aba000,CCI_DEPRESSION,['too_short'],43
CCI_DEPRESSION_32bcb377_00014_1cbd12efcf4c,CCI_DEPRESSION,['too_short'],60
CCI_DEPRESSION_32bcb377_00016_6c0054abaa9b,CCI_DEPRESSION,['too_short'],30
CCI_DEPRESSION_32bcb377_00021_e35cfc1c2bc1,CCI_DEPRESSION,['too_short'],74
CCI_DEPRESSION_0e99d964_00000_1f4be2c46c94,CCI_DEPRESSION,['too_short'],63
CCI_DEPRESSION_0e99d964_00013_5f8dd8aba000,CCI_DEPRESSION,['too_short'],43
CCI_DEPRESSION_0e99d964_00014_1cbd12efcf4c,CCI_DEPRESSION,['too_short'],60
CCI_DEPRESSION_0e99d964_00016_6c0054abaa9b,CCI_DEPRESSION,['too_short'],30
CCI_DEPRESSION_0e99d964_00021_e35cfc1c2bc1,CCI_DEPRESSION,['too_short'],74
CCI_DISORDERED_EATING_d6d7d1c1_00000_853bbf74d873,CCI_DISORDERED_EATING,['too_short'],74
CCI_DISORDERED_EATING_d6d7d1c1_00003_d3277a401f23,CCI_DISORDERED_EATING,['too_short'],36
CCI_DISORDERED_EATING_d6d7d1c1_00012_d3277a401f23,CCI_DISORDERED_EATING,['too_short'],36
CCI_DISORDERED_EATING_d6d7d1c1_00015_2787080cca12,CCI_DISORDERED_EATING,['too_short'],75
CCI_DISORDERED_EATING_d6d7d1c1_00029_d3277a401f23,CCI_DISORDERED_EATING,['too_short'],36
CCI_DISORDERED_EATING_d6d7d1c1_00035_d3277a401f23,CCI_DISORDERED_EATING,['too_short'],36
CCI_DISORDERED_EATING_d6d7d1c1_00042_ad614e9ad5e7,CCI_DISORDERED_EATING,['too_short'],43
CCI_DISORDERED_EATING_f2025faa_00000_b48d6ec4c687,CCI_DISORDERED_EATING,['too_short'],74
CCI_DISORDERED_EATING_f2025faa_00003_4c006ed536ad,CCI_DISORDERED_EATING,['too_short'],44
CCI_DISORDERED_EATING_f2025faa_00009_4c006ed536ad,CCI_DISORDERED_EATING,['too_short'],44
CCI_DISORDERED_EATING_f2025faa_00018_4c006ed536ad,CCI_DISORDERED_EATING,['too_short'],44
CCI_DISORDERED_EATING_f2025faa_00021_4c006ed536ad,CCI_DISORDERED_EATING,['too_short'],44
CCI_DISORDERED_EATING_f2025faa_00027_287a494b885d,CCI_DISORDERED_EATING,['too_short'],49
CCI_DISORDERED_EATING_f2025faa_00029_4c006ed536ad,CCI_DISORDERED_EATING,['too_short'],44
CCI_DISORDERED_EATING_f2025faa_00036_ad614e9ad5e7,CCI_DISORDERED_EATING,['too_short'],43
CCI_DISORDERED_EATING_2fac7025_00002_da47c6fef438,CCI_DISORDERED_EATING,['too_short'],47
CCI_DISORDERED_EATING_2fac7025_00011_87a4b50bdbe2,CCI_DISORDERED_EATING,['too_short'],25
CCI_DISORDERED_EATING_2fac7025_00019_da47c6fef438,CCI_DISORDERED_EATING,['too_short'],47
CCI_DISORDERED_EATING_2fac7025_00023_da47c6fef438,CCI_DISORDERED_EATING,['too_short'],47
CCI_DISORDERED_EATING_2fac7025_00029_da47c6fef438,CCI_DISORDERED_EATING,['too_short'],47
CCI_DISORDERED_EATING_2fac7025_00031_da47c6fef438,CCI_DISORDERED_EATING,['too_short'],47
CCI_DISORDERED_EATING_2fac7025_00039_ad614e9ad5e7,CCI_DISORDERED_EATING,['too_short'],43
CCI_DISORDERED_EATING_dc351819_00000_853bbf74d873,CCI_DISORDERED_EATING,['too_short'],74
CCI_DISORDERED_EATING_dc351819_00003_3417c9ebb84f,CCI_DISORDERED_EATING,['too_short'],35
CCI_DISORDERED_EATING_dc351819_00014_31e64ea2e980,CCI_DISORDERED_EATING,['too_short'],71
CCI_DISORDERED_EATING_dc351819_00016_c9b9949c7238,CCI_DISORDERED_EATING,['too_short'],37
CCI_DISORDERED_EATING_dc351819_00018_cd2b4ea3d49b,CCI_DISORDERED_EATING,['too_short'],54
CCI_DISORDERED_EATING_dc351819_00022_cbe1551f187d,CCI_DISORDERED_EATING,['too_short'],69
CCI_DISORDERED_EATING_dc351819_00029_dfd325d54ca7,CCI_DISORDERED_EATING,['too_short'],75
CCI_DISORDERED_EATING_dc351819_00030_b1757a8c4501,CCI_DISORDERED_EATING,['too_short'],62
CCI_DISORDERED_EATING_dc351819_00034_3417c9ebb84f,CCI_DISORDERED_EATING,['too_short'],35
CCI_DISORDERED_EATING_dc351819_00041_ad614e9ad5e7,CCI_DISORDERED_EATING,['too_short'],43
CCI_DISORDERED_EATING_e2ca3bff_00000_da2ef2e9070e,CCI_DISORDERED_EATING,['too_short'],69
CCI_DISORDERED_EATING_e2ca3bff_00019_36956093ee97,CCI_DISORDERED_EATING,['too_short'],49
CCI_DISORDERED_EATING_e2ca3bff_00020_a2e5e5da8cde,CCI_DISORDERED_EATING,['too_short'],72
CCI_DISORDERED_EATING_e2ca3bff_00022_8a206e90035d,CCI_DISORDERED_EATING,['too_short'],26
CCI_DISORDERED_EATING_e2ca3bff_00023_26a323af8f0f,CCI_DISORDERED_EATING,['too_short'],27
CCI_DISORDERED_EATING_e2ca3bff_00024_bc310a7aa43f,CCI_DISORDERED_EATING,['too_short'],35
CCI_DISORDERED_EATING_e2ca3bff_00025_06c57a4db578,CCI_DISORDERED_EATING,['too_short'],34
CCI_DISORDERED_EATING_e2ca3bff_00026_40359196d5a4,CCI_DISORDERED_EATING,['too_short'],34
CCI_DISORDERED_EATING_e2ca3bff_00027_d7f4e47a6e71,CCI_DISORDERED_EATING,['too_short'],62
CCI_DISORDERED_EATING_e2ca3bff_00028_692d16cec865,CCI_DISORDERED_EATING,['too_short'],36
CCI_DISORDERED_EATING_e2ca3bff_00029_811b79b7c270,CCI_DISORDERED_EATING,['too_short'],61
CCI_DISORDERED_EATING_e2ca3bff_00030_bc20b3400c6b,CCI_DISORDERED_EATING,['too_short'],35
CCI_DISORDERED_EATING_e2ca3bff_00031_978ae8bfcbd2,CCI_DISORDERED_EATING,['too_short'],42
CCI_DISORDERED_EATING_e2ca3bff_00034_e35cfc1c2bc1,CCI_DISORDERED_EATING,['too_short'],74
CCI_DISORDERED_EATING_a848c3dc_00000_da2ef2e9070e,CCI_DISORDERED_EATING,['too_short'],69
CCI_DISORDERED_EATING_a848c3dc_00019_36956093ee97,CCI_DISORDERED_EATING,['too_short'],49
CCI_DISORDERED_EATING_a848c3dc_00020_a2e5e5da8cde,CCI_DISORDERED_EATING,['too_short'],72
CCI_DISORDERED_EATING_a848c3dc_00022_8a206e90035d,CCI_DISORDERED_EATING,['too_short'],26
CCI_DISORDERED_EATING_a848c3dc_00023_26a323af8f0f,CCI_DISORDERED_EATING,['too_short'],27
CCI_DISORDERED_EATING_a848c3dc_00024_bc310a7aa43f,CCI_DISORDERED_EATING,['too_short'],35
CCI_DISORDERED_EATING_a848c3dc_00025_06c57a4db578,CCI_DISORDERED_EATING,['too_short'],34
CCI_DISORDERED_EATING_a848c3dc_00026_40359196d5a4,CCI_DISORDERED_EATING,['too_short'],34
CCI_DISORDERED_EATING_a848c3dc_00027_d7f4e47a6e71,CCI_DISORDERED_EATING,['too_short'],62
CCI_DISORDERED_EATING_a848c3dc_00028_692d16cec865,CCI_DISORDERED_EATING,['too_short'],36
CCI_DISORDERED_EATING_a848c3dc_00029_811b79b7c270,CCI_DISORDERED_EATING,['too_short'],61
CCI_DISORDERED_EATING_a848c3dc_00030_bc20b3400c6b,CCI_DISORDERED_EATING,['too_short'],35
CCI_DISORDERED_EATING_a848c3dc_00031_978ae8bfcbd2,CCI_DISORDERED_EATING,['too_short'],42
CCI_DISORDERED_EATING_a848c3dc_00034_e35cfc1c2bc1,CCI_DISORDERED_EATING,['too_short'],74
CCI_DISORDERED_EATING_ef558191_00000_da2ef2e9070e,CCI_DISORDERED_EATING,['too_short'],69
CCI_DISORDERED_EATING_ef558191_00019_36956093ee97,CCI_DISORDERED_EATING,['too_short'],49
CCI_DISORDERED_EATING_ef558191_00020_a2e5e5da8cde,CCI_DISORDERED_EATING,['too_short'],72
CCI_DISORDERED_EATING_ef558191_00022_8a206e90035d,CCI_DISORDERED_EATING,['too_short'],26
CCI_DISORDERED_EATING_ef558191_00023_26a323af8f0f,CCI_DISORDERED_EATING,['too_short'],27
CCI_DISORDERED_EATING_ef558191_00024_bc310a7aa43f,CCI_DISORDERED_EATING,['too_short'],35
CCI_DISORDERED_EATING_ef558191_00025_06c57a4db578,CCI_DISORDERED_EATING,['too_short'],34
CCI_DISORDERED_EATING_ef558191_00026_40359196d5a4,CCI_DISORDERED_EATING,['too_short'],34
CCI_DISORDERED_EATING_ef558191_00027_d7f4e47a6e71,CCI_DISORDERED_EATING,['too_short'],62
CCI_DISORDERED_EATING_ef558191_00028_692d16cec865,CCI_DISORDERED_EATING,['too_short'],36
CCI_DISORDERED_EATING_ef558191_00029_811b79b7c270,CCI_DISORDERED_EATING,['too_short'],61
CCI_DISORDERED_EATING_ef558191_00030_bc20b3400c6b,CCI_DISORDERED_EATING,['too_short'],35
CCI_DISORDERED_EATING_ef558191_00031_978ae8bfcbd2,CCI_DISORDERED_EATING,['too_short'],42
CCI_DISORDERED_EATING_ef558191_00034_e35cfc1c2bc1,CCI_DISORDERED_EATING,['too_short'],74
CCI_DISTRESS_TOLERANCE_97c03671_00005_36b41d734758,CCI_DISTRESS_TOLERANCE,['too_short'],29
CCI_DISTRESS_TOLERANCE_97c03671_00014_4d226864398b,CCI_DISTRESS_TOLERANCE,['too_short'],12
CCI_DISTRESS_TOLERANCE_860816a8_00011_afea9ddb5e15,CCI_DISTRESS_TOLERANCE,['too_short'],19
CCI_DISTRESS_TOLERANCE_860816a8_00041_b8acf25e5f24,CCI_DISTRESS_TOLERANCE,['too_short'],37
CCI_DISTRESS_TOLERANCE_3f572fd9_00003_204834a5ec3f,CCI_DISTRESS_TOLERANCE,['too_short'],34
CCI_DISTRESS_TOLERANCE_3f572fd9_00014_262b53df9b8b,CCI_DISTRESS_TOLERANCE,['too_short'],70
CCI_DISTRESS_TOLERANCE_3f572fd9_00020_484b0e85215b,CCI_DISTRESS_TOLERANCE,['too_short'],31
CCI_DISTRESS_TOLERANCE_ca0c8573_00042_7602e2f760a4,CCI_DISTRESS_TOLERANCE,['too_short'],37
CCI_DISTRESS_TOLERANCE_cf54685e_00011_afea9ddb5e15,CCI_DISTRESS_TOLERANCE,['too_short'],19
CCI_DISTRESS_TOLERANCE_cf54685e_00037_b8acf25e5f24,CCI_DISTRESS_TOLERANCE,['too_short'],37
CCI_DISTRESS_TOLERANCE_d29dc9b5_00000_d688c2003f5a,CCI_DISTRESS_TOLERANCE,['too_short'],72
CCI_DISTRESS_TOLERANCE_d29dc9b5_00014_7fde256d35e8,CCI_DISTRESS_TOLERANCE,['too_short'],72
CCI_DISTRESS_TOLERANCE_d29dc9b5_00015_e35cfc1c2bc1,CCI_DISTRESS_TOLERANCE,['too_short'],74
CCI_DISTRESS_TOLERANCE_4350c4e9_00000_d688c2003f5a,CCI_DISTRESS_TOLERANCE,['too_short'],72
CCI_DISTRESS_TOLERANCE_4350c4e9_00014_7fde256d35e8,CCI_DISTRESS_TOLERANCE,['too_short'],72
CCI_DISTRESS_TOLERANCE_4350c4e9_00015_e35cfc1c2bc1,CCI_DISTRESS_TOLERANCE,['too_short'],74
CCI_DISTRESS_TOLERANCE_58af606e_00000_d688c2003f5a,CCI_DISTRESS_TOLERANCE,['too_short'],72
CCI_DISTRESS_TOLERANCE_58af606e_00014_7fde256d35e8,CCI_DISTRESS_TOLERANCE,['too_short'],72
CCI_DISTRESS_TOLERANCE_58af606e_00015_e35cfc1c2bc1,CCI_DISTRESS_TOLERANCE,['too_short'],74
CCI_DISTRESS_TOLERANCE_66f85045_00000_d688c2003f5a,CCI_DISTRESS_TOLERANCE,['too_short'],72
CCI_DISTRESS_TOLERANCE_66f85045_00014_7fde256d35e8,CCI_DISTRESS_TOLERANCE,['too_short'],72
CCI_DISTRESS_TOLERANCE_66f85045_00015_e35cfc1c2bc1,CCI_DISTRESS_TOLERANCE,['too_short'],74
CCI_HEALTH_ANXIETY_f421117a_00008_7e35c0bfa375,CCI_HEALTH_ANXIETY,['too_short'],23
CCI_HEALTH_ANXIETY_f421117a_00016_bb2429f92ea7,CCI_HEALTH_ANXIETY,['too_short'],33
CCI_HEALTH_ANXIETY_f26106cc_00012_3073387b7b3c,CCI_HEALTH_ANXIETY,['too_short'],60
CCI_HEALTH_ANXIETY_f26106cc_00020_57fa57a227b1,CCI_HEALTH_ANXIETY,['too_short'],50
CCI_HEALTH_ANXIETY_e233abd2_00003_a509bed5b249,CCI_HEALTH_ANXIETY,['too_short'],31
CCI_HEALTH_ANXIETY_e233abd2_00009_ee5c96869ed6,CCI_HEALTH_ANXIETY,['too_short'],32
CCI_HEALTH_ANXIETY_b15f7f93_00003_d03a0fd04dc3,CCI_HEALTH_ANXIETY,['too_short'],33
CCI_HEALTH_ANXIETY_b15f7f93_00008_c966bdc30286,CCI_HEALTH_ANXIETY,['too_short'],41
CCI_HEALTH_ANXIETY_b15f7f93_00039_aa7f1578c160,CCI_HEALTH_ANXIETY,['too_short'],30
CCI_HEALTH_ANXIETY_37d690a7_00000_a95493daa439,CCI_HEALTH_ANXIETY,['too_short'],67
CCI_HEALTH_ANXIETY_37d690a7_00016_e35cfc1c2bc1,CCI_HEALTH_ANXIETY,['too_short'],74
