chunk_id,source_id,title,target_collection,topic,topics,language,section,chunk_type,evidence_level,source_authority,review_priority,review_status,decision,reviewed_by,review_comment,official_page_url,downloaded_url,content_preview
CCI_PERFECTIONISM_89504769_00000_dd650be80361,CCI_PERFECTIONISM,Perfectionism self-help resources,interventions,perfectionism,perfectionism;academic_stress;self_worth;behavioural_experiments;cognition,en,Module 1,knowledge_text,B,clinical_public_service,P0,pending,,,,https://www.cci.health.wa.gov.au/resources/looking-after-yourself/perfectionism,https://www.cci.health.wa.gov.au/~/media/CCI/Consumer-Modules/Perfectionism-in-Perspective/Perfectionism-in-Perspective---01---What-is-Perfectionism.pdf,What is Perfectionism? Introduction 2 What is perfectionism? 2 What’s good about being a perfectionist? 3 What’s so bad about being a perfectionist? 4 Am I a perfectionist? 5 When am I a perfectionist? 6 How am I a perfectionist? 6 What next? 8 Module Summary 9 About This Module 
CCI_PERFECTIONISM_89504769_00001_ac6f4b1c8f52,CCI_PERFECTIONISM,Perfectionism self-help resources,interventions,perfectionism,perfectionism;academic_stress;self_worth;behavioural_experiments;cognition,en,Module 1,knowledge_text,B,clinical_public_service,P0,pending,,,,https://www.cci.health.wa.gov.au/resources/looking-after-yourself/perfectionism,https://www.cci.health.wa.gov.au/~/media/CCI/Consumer-Modules/Perfectionism-in-Perspective/Perfectionism-in-Perspective---01---What-is-Perfectionism.pdf,The information provided in this document is for information purposes only. Please refer to the full disclaimer and copyright statement available at http://www.cci.health.wa.gov.au regarding the information on this website before making use of such information. Introduction
CCI_PERFECTIONISM_89504769_00002_c0c4cb646995,CCI_PERFECTIONISM,Perfectionism self-help resources,interventions,perfectionism,perfectionism;academic_stress;self_worth;behavioural_experiments;cognition,en,Module 1,knowledge_text,B,clinical_public_service,P0,pending,,,,https://www.cci.health.wa.gov.au/resources/looking-after-yourself/perfectionism,https://www.cci.health.wa.gov.au/~/media/CCI/Consumer-Modules/Perfectionism-in-Perspective/Perfectionism-in-Perspective---01---What-is-Perfectionism.pdf,Perfectionism is often mistaken for ‘being perfect’ or ‘doing something perfectly’. Many people assume that it must be a good thing. Other people think of being a perfectionist as being something negative and embarrassing. So is it a good or a bad thing?
CCI_PERFECTIONISM_89504769_00003_1cd276d6c33f,CCI_PERFECTIONISM,Perfectionism self-help resources,interventions,perfectionism,perfectionism;academic_stress;self_worth;behavioural_experiments;cognition,en,Module 1,knowledge_text,B,clinical_public_service,P0,pending,,,,https://www.cci.health.wa.gov.au/resources/looking-after-yourself/perfectionism,https://www.cci.health.wa.gov.au/~/media/CCI/Consumer-Modules/Perfectionism-in-Perspective/Perfectionism-in-Perspective---01---What-is-Perfectionism.pdf,"Perfectionism involves putting pressure on ourselves to meet high standards which then powerfully influences the way we think about ourselves. Researchers have shown that parts of perfectionism are helpful, and parts are unhelpful. We’re here to help you identify and work on the "
CCI_PERFECTIONISM_89504769_00004_e229ffccf8cd,CCI_PERFECTIONISM,Perfectionism self-help resources,interventions,perfectionism,perfectionism;academic_stress;self_worth;behavioural_experiments;cognition,en,Module 1,knowledge_text,B,clinical_public_service,P0,pending,,,,https://www.cci.health.wa.gov.au/resources/looking-after-yourself/perfectionism,https://www.cci.health.wa.gov.au/~/media/CCI/Consumer-Modules/Perfectionism-in-Perspective/Perfectionism-in-Perspective---01---What-is-Perfectionism.pdf,"There is a big difference between the healthy and helpful pursuit of excellence and the unhealthy and unhelpful striving for perfection. In this module we will define perfectionism, identifying both the helpful and the unhelpful aspects of being a perfectionist, and identifying i"
CCI_PERFECTIONISM_89504769_00005_39a88381a146,CCI_PERFECTIONISM,Perfectionism self-help resources,interventions,perfectionism,perfectionism;academic_stress;self_worth;behavioural_experiments;cognition,en,Module 1,knowledge_text,B,clinical_public_service,P0,pending,,,,https://www.cci.health.wa.gov.au/resources/looking-after-yourself/perfectionism,https://www.cci.health.wa.gov.au/~/media/CCI/Consumer-Modules/Perfectionism-in-Perspective/Perfectionism-in-Perspective---01---What-is-Perfectionism.pdf,"Perfectionism is not necessarily about being ‘perfect’. Ask yourself this question…is it ever really possible to be 100% ‘perfect’? So, if it’s not about being ‘perfect’, then what do we mean when we say someone is a perfectionist? Researchers in the field may not be able to agre"
CCI_PERFECTIONISM_89504769_00006_a7f00ed1b879,CCI_PERFECTIONISM,Perfectionism self-help resources,interventions,perfectionism,perfectionism;academic_stress;self_worth;behavioural_experiments;cognition,en,Module 1,knowledge_text,B,clinical_public_service,P0,pending,,,,https://www.cci.health.wa.gov.au/resources/looking-after-yourself/perfectionism,https://www.cci.health.wa.gov.au/~/media/CCI/Consumer-Modules/Perfectionism-in-Perspective/Perfectionism-in-Perspective---01---What-is-Perfectionism.pdf,"1. The relentless striving for extremely high standards (for yourself and/or others) that are personally demanding, in the context of the individual. (Typically, to an outsider the standards are considered to be unreasonable given the circumstances.) We will be referring to this "
CCI_PERFECTIONISM_89504769_00007_7bb122b490ac,CCI_PERFECTIONISM,Perfectionism self-help resources,interventions,perfectionism,perfectionism;academic_stress;self_worth;behavioural_experiments;cognition,en,Module 1,knowledge_text,B,clinical_public_service,P0,pending,,,,https://www.cci.health.wa.gov.au/resources/looking-after-yourself/perfectionism,https://www.cci.health.wa.gov.au/~/media/CCI/Consumer-Modules/Perfectionism-in-Perspective/Perfectionism-in-Perspective---01---What-is-Perfectionism.pdf,"3. Experiencing negative consequences of setting such demanding standards, yet continuing to go for them despite the huge cost to you. We would agree that it is generally a good idea to have high standards. Having goals helps you achieve things in life. BUT when these goals are e"
CCI_PERFECTIONISM_89504769_00008_c8a7e2be68d6,CCI_PERFECTIONISM,Perfectionism self-help resources,interventions,perfectionism,perfectionism;academic_stress;self_worth;behavioural_experiments;cognition,en,Module 1,knowledge_text,B,clinical_public_service,P0,pending,,,,https://www.cci.health.wa.gov.au/resources/looking-after-yourself/perfectionism,https://www.cci.health.wa.gov.au/~/media/CCI/Consumer-Modules/Perfectionism-in-Perspective/Perfectionism-in-Perspective---01---What-is-Perfectionism.pdf,"To help make sense of all this, let’s describe two perfectionists. We will be following their stories throughout these modules, so stay tuned!"
CCI_PERFECTIONISM_89504769_00009_f541303a036a,CCI_PERFECTIONISM,Perfectionism self-help resources,interventions,perfectionism,perfectionism;academic_stress;self_worth;behavioural_experiments;cognition,en,Module 1,knowledge_text,B,clinical_public_service,P0,pending,,,,https://www.cci.health.wa.gov.au/resources/looking-after-yourself/perfectionism,https://www.cci.health.wa.gov.au/~/media/CCI/Consumer-Modules/Perfectionism-in-Perspective/Perfectionism-in-Perspective---01---What-is-Perfectionism.pdf,"Peter, 46, has owned a car repair shop for the last year. He works very hard at his job, takes great pride in the work he does, and receives good feedback from his customers. When Peter is servicing a car he works through a list of tasks and, after completing each task, he checks"
CCI_PERFECTIONISM_89504769_00010_46420a6bc967,CCI_PERFECTIONISM,Perfectionism self-help resources,interventions,perfectionism,perfectionism;academic_stress;self_worth;behavioural_experiments;cognition,en,Module 1,knowledge_text,B,clinical_public_service,P0,pending,,,,https://www.cci.health.wa.gov.au/resources/looking-after-yourself/perfectionism,https://www.cci.health.wa.gov.au/~/media/CCI/Consumer-Modules/Perfectionism-in-Perspective/Perfectionism-in-Perspective---01---What-is-Perfectionism.pdf,"He is, in fact, so busy that he has not had time to sort out his paperwork since he opened the business. He has been afraid to start, as he knew there was so much to catch up on. Recently Peter had to bring in an accountant, and last week the accountant told him that the business"
CCI_PERFECTIONISM_89504769_00011_b22bfb8a2df0,CCI_PERFECTIONISM,Perfectionism self-help resources,interventions,perfectionism,perfectionism;academic_stress;self_worth;behavioural_experiments;cognition,en,Module 1,knowledge_text,B,clinical_public_service,P0,pending,,,,https://www.cci.health.wa.gov.au/resources/looking-after-yourself/perfectionism,https://www.cci.health.wa.gov.au/~/media/CCI/Consumer-Modules/Perfectionism-in-Perspective/Perfectionism-in-Perspective---01---What-is-Perfectionism.pdf,"Polly, 19, is a member of the State basketball team. Basketball takes up a large part of Polly’s life though she balances this with her university studies. Polly is very passionate about basketball and takes it very seriously. She trains daily and maintains a strict diet to keep "
CCI_PERFECTIONISM_89504769_00012_ff3c186f87fd,CCI_PERFECTIONISM,Perfectionism self-help resources,interventions,perfectionism,perfectionism;academic_stress;self_worth;behavioural_experiments;cognition,en,Module 1,knowledge_text,B,clinical_public_service,P0,pending,,,,https://www.cci.health.wa.gov.au/resources/looking-after-yourself/perfectionism,https://www.cci.health.wa.gov.au/~/media/CCI/Consumer-Modules/Perfectionism-in-Perspective/Perfectionism-in-Perspective---01---What-is-Perfectionism.pdf,Recently Polly has lost confidence in her team-mates and has taken on total responsibility for scoring goals. Her coach pulled her aside recently and told her to change her attitude or she would be dropped from the team.
CCI_PERFECTIONISM_89504769_00013_dd5330b113ad,CCI_PERFECTIONISM,Perfectionism self-help resources,interventions,perfectionism,perfectionism;academic_stress;self_worth;behavioural_experiments;cognition,en,Module 1,knowledge_text,B,clinical_public_service,P0,pending,,,,https://www.cci.health.wa.gov.au/resources/looking-after-yourself/perfectionism,https://www.cci.health.wa.gov.au/~/media/CCI/Consumer-Modules/Perfectionism-in-Perspective/Perfectionism-in-Perspective---01---What-is-Perfectionism.pdf,What’s Good About Being a Perfectionist? Many people think of perfectionism as something positive and often visualise a high achiever. This is because they usually think of it as pursuing excellence or having high standards. That’s right - when people pursue excellence or set hig
CCI_PERFECTIONISM_89504769_00014_338769ded883,CCI_PERFECTIONISM,Perfectionism self-help resources,interventions,perfectionism,perfectionism;academic_stress;self_worth;behavioural_experiments;cognition,en,Module 1,knowledge_text,B,clinical_public_service,P0,pending,,,,https://www.cci.health.wa.gov.au/resources/looking-after-yourself/perfectionism,https://www.cci.health.wa.gov.au/~/media/CCI/Consumer-Modules/Perfectionism-in-Perspective/Perfectionism-in-Perspective---01---What-is-Perfectionism.pdf,I like to do things well I get pleasure out of achieving what others can’t do It makes me feel special I like to go to bed leaving no tasks undone I get satisfaction knowing I’ve tried my hardest I like being top of the class I like being efficient I like being organised I like b
CCI_PERFECTIONISM_89504769_00015_1aec293db60f,CCI_PERFECTIONISM,Perfectionism self-help resources,interventions,perfectionism,perfectionism;academic_stress;self_worth;behavioural_experiments;cognition,en,Module 1,knowledge_text,B,clinical_public_service,P0,pending,,,,https://www.cci.health.wa.gov.au/resources/looking-after-yourself/perfectionism,https://www.cci.health.wa.gov.au/~/media/CCI/Consumer-Modules/Perfectionism-in-Perspective/Perfectionism-in-Perspective---01---What-is-Perfectionism.pdf,What positive qualities do YOU associate with perfectionism? What are some of the advantages of setting such high standards? How might being a perfectionist be helpful to you? Think about it for a moment and jot down some thoughts. What’s So Bad About Being a Perfectionist?
CCI_PERFECTIONISM_89504769_00016_19c6732d0835,CCI_PERFECTIONISM,Perfectionism self-help resources,interventions,perfectionism,perfectionism;academic_stress;self_worth;behavioural_experiments;cognition,en,Module 1,knowledge_text,B,clinical_public_service,P0,pending,,,,https://www.cci.health.wa.gov.au/resources/looking-after-yourself/perfectionism,https://www.cci.health.wa.gov.au/~/media/CCI/Consumer-Modules/Perfectionism-in-Perspective/Perfectionism-in-Perspective---01---What-is-Perfectionism.pdf,"As we’ve pointed out, we believe that having high standards and goals helps us achieve things in life. But sometimes these standards get in the way of our happiness. Let’s look at Peter and Polly again. Are Peter’s and Polly’s high standards healthy and helpful? Peter only thinks"
CCI_PERFECTIONISM_89504769_00017_ba84e7913a1f,CCI_PERFECTIONISM,Perfectionism self-help resources,interventions,perfectionism,perfectionism;academic_stress;self_worth;behavioural_experiments;cognition,en,Module 1,exercise,B,clinical_public_service,P0,pending,,,,https://www.cci.health.wa.gov.au/resources/looking-after-yourself/perfectionism,https://www.cci.health.wa.gov.au/~/media/CCI/Consumer-Modules/Perfectionism-in-Perspective/Perfectionism-in-Perspective---01---What-is-Perfectionism.pdf,"Polly always expects her basketball team to win, and when they don’t she ends up criticising herself and other team members. She endures stricter practice and diet regimens the following week and her place on the team is at risk. Sometimes the drive to do well can actually impair"
CCI_PERFECTIONISM_89504769_00018_71826cc3cd68,CCI_PERFECTIONISM,Perfectionism self-help resources,interventions,perfectionism,perfectionism;academic_stress;self_worth;behavioural_experiments;cognition,en,Module 1,knowledge_text,B,clinical_public_service,P0,pending,,,,https://www.cci.health.wa.gov.au/resources/looking-after-yourself/perfectionism,https://www.cci.health.wa.gov.au/~/media/CCI/Consumer-Modules/Perfectionism-in-Perspective/Perfectionism-in-Perspective---01---What-is-Perfectionism.pdf,"Now, let’s make sure we are clear. Without any standards people generally achieve less, so having standards is not a bad thing. But remember:"
CCI_PERFECTIONISM_89504769_00019_222676fdf8f4,CCI_PERFECTIONISM,Perfectionism self-help resources,interventions,perfectionism,perfectionism;academic_stress;self_worth;behavioural_experiments;cognition,en,Module 1,knowledge_text,B,clinical_public_service,P0,pending,,,,https://www.cci.health.wa.gov.au/resources/looking-after-yourself/perfectionism,https://www.cci.health.wa.gov.au/~/media/CCI/Consumer-Modules/Perfectionism-in-Perspective/Perfectionism-in-Perspective---01---What-is-Perfectionism.pdf,So what do we think is unhelpful and unhealthy about perfectionism? Let’s go back to our definition on Page 2. The first part refers to the relentless striving for self-imposed personally demanding standards. The words used here already give you a hint of why perfectionism might 
CCI_PERFECTIONISM_89504769_00020_a60b48cbe2f3,CCI_PERFECTIONISM,Perfectionism self-help resources,interventions,perfectionism,perfectionism;academic_stress;self_worth;behavioural_experiments;cognition,en,Module 1,knowledge_text,B,clinical_public_service,P0,pending,,,,https://www.cci.health.wa.gov.au/resources/looking-after-yourself/perfectionism,https://www.cci.health.wa.gov.au/~/media/CCI/Consumer-Modules/Perfectionism-in-Perspective/Perfectionism-in-Perspective---01---What-is-Perfectionism.pdf,This excessive drive to excel is self-defeating as it leaves you little chance of meeting your goals and feeling good about yourself.
CCI_PERFECTIONISM_89504769_00021_f2f354c52801,CCI_PERFECTIONISM,Perfectionism self-help resources,interventions,perfectionism,perfectionism;academic_stress;self_worth;behavioural_experiments;cognition,en,Module 1,knowledge_text,B,clinical_public_service,P0,pending,,,,https://www.cci.health.wa.gov.au/resources/looking-after-yourself/perfectionism,https://www.cci.health.wa.gov.au/~/media/CCI/Consumer-Modules/Perfectionism-in-Perspective/Perfectionism-in-Perspective---01---What-is-Perfectionism.pdf,"The second part of the definition refers to judging your self-worth based on your ability to achieve. It is like ‘putting all your eggs in one basket’. This makes you particularly vulnerable, as not reaching the standards you set for yourself (which may be unachievable) results i"
CCI_PERFECTIONISM_89504769_00022_45860757e42f,CCI_PERFECTIONISM,Perfectionism self-help resources,interventions,perfectionism,perfectionism;academic_stress;self_worth;behavioural_experiments;cognition,en,Module 1,knowledge_text,B,clinical_public_service,P0,pending,,,,https://www.cci.health.wa.gov.au/resources/looking-after-yourself/perfectionism,https://www.cci.health.wa.gov.au/~/media/CCI/Consumer-Modules/Perfectionism-in-Perspective/Perfectionism-in-Perspective---01---What-is-Perfectionism.pdf,"The third part of the definition refers to the enormous cost of being a perfectionist. Pursuing these personally demanding standards can have a significant impact on your wellbeing, and can lead to social isolation, frustration, worry, depression, eating disorders, relationship d"
CCI_PERFECTIONISM_89504769_00023_78f974b320fa,CCI_PERFECTIONISM,Perfectionism self-help resources,interventions,perfectionism,perfectionism;academic_stress;self_worth;behavioural_experiments;cognition,en,Module 1,knowledge_text,B,clinical_public_service,P0,pending,,,,https://www.cci.health.wa.gov.au/resources/looking-after-yourself/perfectionism,https://www.cci.health.wa.gov.au/~/media/CCI/Consumer-Modules/Perfectionism-in-Perspective/Perfectionism-in-Perspective---01---What-is-Perfectionism.pdf,"When you put all these parts of perfectionism together, they become an unhealthy combination. Perfectionism has its problems! Here are some of the negatives that perfectionists give:"
CCI_PERFECTIONISM_89504769_00024_f9026320804c,CCI_PERFECTIONISM,Perfectionism self-help resources,interventions,perfectionism,perfectionism;academic_stress;self_worth;behavioural_experiments;cognition,en,Module 1,knowledge_text,B,clinical_public_service,P0,pending,,,,https://www.cci.health.wa.gov.au/resources/looking-after-yourself/perfectionism,https://www.cci.health.wa.gov.au/~/media/CCI/Consumer-Modules/Perfectionism-in-Perspective/Perfectionism-in-Perspective---01---What-is-Perfectionism.pdf,I have no free time No achievement is ever enough I blame myself if things aren’t done just right I can’t stand it when other people don’t do things my way I don’t trust others to do as good a job as I do so I end up doing it all I have to go over my work many times until it’s ac
CCI_PERFECTIONISM_89504769_00025_dccdb79c32c4,CCI_PERFECTIONISM,Perfectionism self-help resources,interventions,perfectionism,perfectionism;academic_stress;self_worth;behavioural_experiments;cognition,en,Module 1,knowledge_text,B,clinical_public_service,P0,pending,,,,https://www.cci.health.wa.gov.au/resources/looking-after-yourself/perfectionism,https://www.cci.health.wa.gov.au/~/media/CCI/Consumer-Modules/Perfectionism-in-Perspective/Perfectionism-in-Perspective---01---What-is-Perfectionism.pdf,What negative qualities do YOU associate with perfectionism? What are some of the disadvantages of setting such unrelenting standards? How might being a perfectionist be unhelpful to you? Think about it for a moment and jot down some thoughts. Am I a Perfectionist? Let’s find out
CCI_PERFECTIONISM_89504769_00026_c0daf03a82ba,CCI_PERFECTIONISM,Perfectionism self-help resources,interventions,perfectionism,perfectionism;academic_stress;self_worth;behavioural_experiments;cognition,en,Module 1,knowledge_text,B,clinical_public_service,P0,pending,,,,https://www.cci.health.wa.gov.au/resources/looking-after-yourself/perfectionism,https://www.cci.health.wa.gov.au/~/media/CCI/Consumer-Modules/Perfectionism-in-Perspective/Perfectionism-in-Perspective---01---What-is-Perfectionism.pdf,"True Somewhat True Somewhat False False Nothing good comes from making mistakes I must do things right the first time I must do everything well, not just the things I know I’m good at If I can’t do something perfectly then there is no point even trying I rarely give myself credit"
CCI_PERFECTIONISM_89504769_00027_11db6b21ce33,CCI_PERFECTIONISM,Perfectionism self-help resources,interventions,perfectionism,perfectionism;academic_stress;self_worth;behavioural_experiments;cognition,en,Module 1,knowledge_text,B,clinical_public_service,P0,pending,,,,https://www.cci.health.wa.gov.au/resources/looking-after-yourself/perfectionism,https://www.cci.health.wa.gov.au/~/media/CCI/Consumer-Modules/Perfectionism-in-Perspective/Perfectionism-in-Perspective---01---What-is-Perfectionism.pdf,"If you have answered most of the above questions with True or Somewhat True, then perfectionism might be something you want to work on. If you haven’t answered True or Somewhat True, you may still want to stay with us as you might learn some skills that could be useful in the fut"
CCI_PERFECTIONISM_89504769_00028_40cf7c021ce3,CCI_PERFECTIONISM,Perfectionism self-help resources,interventions,perfectionism,perfectionism;academic_stress;self_worth;behavioural_experiments;cognition,en,Module 1,knowledge_text,B,clinical_public_service,P0,pending,,,,https://www.cci.health.wa.gov.au/resources/looking-after-yourself/perfectionism,https://www.cci.health.wa.gov.au/~/media/CCI/Consumer-Modules/Perfectionism-in-Perspective/Perfectionism-in-Perspective---01---What-is-Perfectionism.pdf,"Being a perfectionist doesn’t necessarily mean you have unrelenting high standards in every area of your life, although this may be the case for some people. It is possible to be a perfectionist in one area of your life (e.g., at work) but not in another area of your life (e.g., "
CCI_PERFECTIONISM_89504769_00029_7097dcd16fb2,CCI_PERFECTIONISM,Perfectionism self-help resources,interventions,perfectionism,perfectionism;academic_stress;self_worth;behavioural_experiments;cognition,en,Module 1,knowledge_text,B,clinical_public_service,P0,pending,,,,https://www.cci.health.wa.gov.au/resources/looking-after-yourself/perfectionism,https://www.cci.health.wa.gov.au/~/media/CCI/Consumer-Modules/Perfectionism-in-Perspective/Perfectionism-in-Perspective---01---What-is-Perfectionism.pdf,"Polly doesn’t mind so much when her studies don’t go very well, but when training doesn’t go well she ends up having a terrible day. Let’s have a look at the activities in your life where you tend to be perfectionistic. Tick any box below if you notice that you set particularly h"
CCI_PERFECTIONISM_89504769_00030_aaf5f2d3f82b,CCI_PERFECTIONISM,Perfectionism self-help resources,interventions,perfectionism,perfectionism;academic_stress;self_worth;behavioural_experiments;cognition,en,Module 1,knowledge_text,B,clinical_public_service,P0,pending,,,,https://www.cci.health.wa.gov.au/resources/looking-after-yourself/perfectionism,https://www.cci.health.wa.gov.au/~/media/CCI/Consumer-Modules/Perfectionism-in-Perspective/Perfectionism-in-Perspective---01---What-is-Perfectionism.pdf," Work  Study  Housework/cleaning  Close relationships (e.g., partner, family, friends)  Organising and ordering things  Eating/weight/shape  Grooming/personal hygiene  Sport  Health/Fitness  Other"
CCI_PERFECTIONISM_89504769_00031_6c453516c7fe,CCI_PERFECTIONISM,Perfectionism self-help resources,interventions,perfectionism,perfectionism;academic_stress;self_worth;behavioural_experiments;cognition,en,Module 1,knowledge_text,B,clinical_public_service,P0,pending,,,,https://www.cci.health.wa.gov.au/resources/looking-after-yourself/perfectionism,https://www.cci.health.wa.gov.au/~/media/CCI/Consumer-Modules/Perfectionism-in-Perspective/Perfectionism-in-Perspective---01---What-is-Perfectionism.pdf,"You have now identified some areas of your life in which perfectionism may be a problem. Identify the one that causes you the most grief, distress, negative consequences and problems in your life, and write it in the box below. (For example, Peter would choose “Work” and Polly wo"
CCI_PERFECTIONISM_89504769_00032_75659cb3f130,CCI_PERFECTIONISM,Perfectionism self-help resources,interventions,perfectionism,perfectionism;academic_stress;self_worth;behavioural_experiments;cognition,en,Module 1,knowledge_text,B,clinical_public_service,P0,pending,,,,https://www.cci.health.wa.gov.au/resources/looking-after-yourself/perfectionism,https://www.cci.health.wa.gov.au/~/media/CCI/Consumer-Modules/Perfectionism-in-Perspective/Perfectionism-in-Perspective---01---What-is-Perfectionism.pdf,"Now let’s consider how perfectionism affects the way you behave. For example, Peter repeatedly checked his work and Polly had difficulty delegating tasks to her team mates. In this section we identify your Perfectionism Behaviours. Overleaf are some examples of common types of pe"
CCI_PERFECTIONISM_89504769_00033_17d830c75a69,CCI_PERFECTIONISM,Perfectionism self-help resources,interventions,perfectionism,perfectionism;academic_stress;self_worth;behavioural_experiments;cognition,en,Perfectionism In Perspective,knowledge_text,B,clinical_public_service,P0,pending,,,,https://www.cci.health.wa.gov.au/resources/looking-after-yourself/perfectionism,https://www.cci.health.wa.gov.au/~/media/CCI/Consumer-Modules/Perfectionism-in-Perspective/Perfectionism-in-Perspective---01---What-is-Perfectionism.pdf,PERFECTIONISM BEHAVIOURS Decision making  Not being able to decide what to wear to work each morning  Being unsure what colour shirt to buy so buying one in every colour  Finding it so difficult to choose what restaurant to go to that it becomes too late to eat out Overcompens
CCI_PERFECTIONISM_89504769_00034_71fc3012c463,CCI_PERFECTIONISM,Perfectionism self-help resources,interventions,perfectionism,perfectionism;academic_stress;self_worth;behavioural_experiments;cognition,en,Perfectionism In Perspective,knowledge_text,B,clinical_public_service,P0,pending,,,,https://www.cci.health.wa.gov.au/resources/looking-after-yourself/perfectionism,https://www.cci.health.wa.gov.au/~/media/CCI/Consumer-Modules/Perfectionism-in-Perspective/Perfectionism-in-Perspective---01---What-is-Perfectionism.pdf,"the tasks you want to get done in the day  Having to have your office completely tidy and organised before being able to work Checking  Repeatedly looking in the mirror for facial blemishes  Looking over work, searching for errors  Frequently checking your watch to make sure "
CCI_PERFECTIONISM_89504769_00035_f17ddaf46992,CCI_PERFECTIONISM,Perfectionism self-help resources,interventions,perfectionism,perfectionism;academic_stress;self_worth;behavioural_experiments;cognition,en,Perfectionism In Perspective,knowledge_text,B,clinical_public_service,P0,pending,,,,https://www.cci.health.wa.gov.au/resources/looking-after-yourself/perfectionism,https://www.cci.health.wa.gov.au/~/media/CCI/Consumer-Modules/Perfectionism-in-Perspective/Perfectionism-in-Perspective---01---What-is-Perfectionism.pdf,Attempts to Change Other People  Correcting people when they mispronounce words  Commenting when you feel people are being ‘politically incorrect’ and guiding them to behaviour you think is more acceptable Avoidance  Not putting in applications for jobs for fear that you will 
CCI_PERFECTIONISM_89504769_00036_78e225a17ef4,CCI_PERFECTIONISM,Perfectionism self-help resources,interventions,perfectionism,perfectionism;academic_stress;self_worth;behavioural_experiments;cognition,en,Perfectionism In Perspective,knowledge_text,B,clinical_public_service,P0,pending,,,,https://www.cci.health.wa.gov.au/resources/looking-after-yourself/perfectionism,https://www.cci.health.wa.gov.au/~/media/CCI/Consumer-Modules/Perfectionism-in-Perspective/Perfectionism-in-Perspective---01---What-is-Perfectionism.pdf,"It is important to become aware of perfectionism behaviours because they can affect your mood, your relationships, and the way you see yourself. So next time you notice yourself doing one of the above activities, ask yourself “Am I doing this because of my unrelenting high standa"
CCI_PERFECTIONISM_89504769_00037_19ff41e4f57c,CCI_PERFECTIONISM,Perfectionism self-help resources,interventions,perfectionism,perfectionism;academic_stress;self_worth;behavioural_experiments;cognition,en,Perfectionism In Perspective,knowledge_text,B,clinical_public_service,P0,pending,,,,https://www.cci.health.wa.gov.au/resources/looking-after-yourself/perfectionism,https://www.cci.health.wa.gov.au/~/media/CCI/Consumer-Modules/Perfectionism-in-Perspective/Perfectionism-in-Perspective---01---What-is-Perfectionism.pdf,• Psychotherapy • Research • Training C C I entre for linical nterventions Module 1: What is Perfectionism? Perfectionism In Perspective What Next?
CCI_PERFECTIONISM_89504769_00038_247a1924c2e9,CCI_PERFECTIONISM,Perfectionism self-help resources,interventions,perfectionism,perfectionism;academic_stress;self_worth;behavioural_experiments;cognition,en,Perfectionism In Perspective,knowledge_text,B,clinical_public_service,P0,pending,,,,https://www.cci.health.wa.gov.au/resources/looking-after-yourself/perfectionism,https://www.cci.health.wa.gov.au/~/media/CCI/Consumer-Modules/Perfectionism-in-Perspective/Perfectionism-in-Perspective---01---What-is-Perfectionism.pdf,"If you’ve made it this far, then it is likely that you are thinking that perfectionism might be a problem for you. If you are open to the idea of setting more flexible and achievable standards we encourage you to take this journey through all our modules. Our aim is that you will"
CCI_PERFECTIONISM_89504769_00039_71968f4d8259,CCI_PERFECTIONISM,Perfectionism self-help resources,interventions,perfectionism,perfectionism;academic_stress;self_worth;behavioural_experiments;cognition,en,Perfectionism In Perspective,knowledge_text,B,clinical_public_service,P0,pending,,,,https://www.cci.health.wa.gov.au/resources/looking-after-yourself/perfectionism,https://www.cci.health.wa.gov.au/~/media/CCI/Consumer-Modules/Perfectionism-in-Perspective/Perfectionism-in-Perspective---01---What-is-Perfectionism.pdf,How to use these modules We believe that these Information Packs could be beneficial to anyone who would like to address difficulties they are having with setting unrelenting high standards for themselves. When using self-help material some people might want to skip sections or c
CCI_PERFECTIONISM_89504769_00040_88916ba48e3c,CCI_PERFECTIONISM,Perfectionism self-help resources,interventions,perfectionism,perfectionism;academic_stress;self_worth;behavioural_experiments;cognition,en,Perfectionism In Perspective,knowledge_text,B,clinical_public_service,P0,pending,,,,https://www.cci.health.wa.gov.au/resources/looking-after-yourself/perfectionism,https://www.cci.health.wa.gov.au/~/media/CCI/Consumer-Modules/Perfectionism-in-Perspective/Perfectionism-in-Perspective---01---What-is-Perfectionism.pdf,The following modules make up this Information Pack: Module 2 Understanding perfectionism Module 3 What keeps perfectionism going? Module 4 Changing perfectionism Module 5 Reducing my perfectionism behaviours Module 6 Challenging my perfectionistic thinking Module 7 Adjusting unh
CCI_PERFECTIONISM_89504769_00041_7b725d4ca017,CCI_PERFECTIONISM,Perfectionism self-help resources,interventions,perfectionism,perfectionism;academic_stress;self_worth;behavioural_experiments;cognition,en,Module Summary,knowledge_text,B,clinical_public_service,P0,pending,,,,https://www.cci.health.wa.gov.au/resources/looking-after-yourself/perfectionism,https://www.cci.health.wa.gov.au/~/media/CCI/Consumer-Modules/Perfectionism-in-Perspective/Perfectionism-in-Perspective---01---What-is-Perfectionism.pdf,"• Perfectionism is not about ‘being perfect’ • Perfectionism involves a relentless pursuit of personally demanding standards and basing your self- worth on this pursuit, which results in a huge cost to your well-being • Problematic perfectionism can be distinguished from high sta"
CCI_PERFECTIONISM_89504769_00042_4094051d8112,CCI_PERFECTIONISM,Perfectionism self-help resources,interventions,perfectionism,perfectionism;academic_stress;self_worth;behavioural_experiments;cognition,en,Module Summary,knowledge_text,B,clinical_public_service,P0,pending,,,,https://www.cci.health.wa.gov.au/resources/looking-after-yourself/perfectionism,https://www.cci.health.wa.gov.au/~/media/CCI/Consumer-Modules/Perfectionism-in-Perspective/Perfectionism-in-Perspective---01---What-is-Perfectionism.pdf,"What I Have Learned in this Module Think about what you have learned in this module and any useful bits of information, tips or strategies that you want to remember. Write them down below so you can refer to them later. Think about how you might use the information you have just "
CCI_PERFECTIONISM_89504769_00043_3ee26c849bf4,CCI_PERFECTIONISM,Perfectionism self-help resources,interventions,perfectionism,perfectionism;academic_stress;self_worth;behavioural_experiments;cognition,en,Module Summary,knowledge_text,B,clinical_public_service,P0,pending,,,,https://www.cci.health.wa.gov.au/resources/looking-after-yourself/perfectionism,https://www.cci.health.wa.gov.au/~/media/CCI/Consumer-Modules/Perfectionism-in-Perspective/Perfectionism-in-Perspective---01---What-is-Perfectionism.pdf,In Module 2 (Understanding Perfectionism) you will learn about rules for living and how you might have developed perfectionism. • Psychotherapy • Research • Training C C I entre for linical nterventions Module 1: What is Perfectionism?
CCI_PERFECTIONISM_89504769_00044_45ec23bc403d,CCI_PERFECTIONISM,Perfectionism self-help resources,interventions,perfectionism,perfectionism;academic_stress;self_worth;behavioural_experiments;cognition,en,CONTRIBUTORS,knowledge_text,B,clinical_public_service,P0,pending,,,,https://www.cci.health.wa.gov.au/resources/looking-after-yourself/perfectionism,https://www.cci.health.wa.gov.au/~/media/CCI/Consumer-Modules/Perfectionism-in-Perspective/Perfectionism-in-Perspective---01---What-is-Perfectionism.pdf,"Dr. Anthea Fursland (Ph.D.1) Principal Clinical Psychologist Dr. Anna Steele (Ph.D.1) Clinical Psychologist Dr. Bronwyn Raykos (MPsych2, Ph.D.1) Clinical Psychologist Dr. Louella Lim (D.Psych.3) Clinical Psychologist 1 Doctor of Philosophy (Clinical Psychology) 2 Master of Psycho"
CCI_PERFECTIONISM_89504769_00045_6287eb1ffc6a,CCI_PERFECTIONISM,Perfectionism self-help resources,interventions,perfectionism,perfectionism;academic_stress;self_worth;behavioural_experiments;cognition,en,CONTRIBUTORS,knowledge_text,B,clinical_public_service,P0,pending,,,,https://www.cci.health.wa.gov.au/resources/looking-after-yourself/perfectionism,https://www.cci.health.wa.gov.au/~/media/CCI/Consumer-Modules/Perfectionism-in-Perspective/Perfectionism-in-Perspective---01---What-is-Perfectionism.pdf,"BACKGROUND The concepts and strategies in this module have been developed from evidence-based psychological treatment, primarily Cognitive Behaviour Therapy (CBT). CBT for perfectionism is based on the approach that perfectionism is the result of problematic cognitions (thoughts)"
CCI_PERFECTIONISM_89504769_00046_bce4814fb319,CCI_PERFECTIONISM,Perfectionism self-help resources,interventions,perfectionism,perfectionism;academic_stress;self_worth;behavioural_experiments;cognition,en,CONTRIBUTORS,knowledge_text,B,clinical_public_service,P0,pending,,,,https://www.cci.health.wa.gov.au/resources/looking-after-yourself/perfectionism,https://www.cci.health.wa.gov.au/~/media/CCI/Consumer-Modules/Perfectionism-in-Perspective/Perfectionism-in-Perspective---01---What-is-Perfectionism.pdf,"Kearns, H., Forbes, A., & Gardiner, M. (2007). A cognitive behavioural coaching intervention for the treatment of perfectionism and self-handicapping in a nonclinical population. Behaviour Change, 24, 157-172. Shafran, R., Cooper, Z. and Fairburn, C. G. (2002) Clinical Perfection"
CCI_PERFECTIONISM_89504769_00047_5f84bbac394e,CCI_PERFECTIONISM,Perfectionism self-help resources,interventions,perfectionism,perfectionism;academic_stress;self_worth;behavioural_experiments;cognition,en,CONTRIBUTORS,knowledge_text,B,clinical_public_service,P0,pending,,,,https://www.cci.health.wa.gov.au/resources/looking-after-yourself/perfectionism,https://www.cci.health.wa.gov.au/~/media/CCI/Consumer-Modules/Perfectionism-in-Perspective/Perfectionism-in-Perspective---01---What-is-Perfectionism.pdf,"“PERFECTIONISM IN PERSPECTIVE” This module forms part of: Fursland, A., Raykos, B. and Steele, A. (2009). Perfectionism in Perspective. Perth, Western Australia: Centre for Clinical Interventions. ISBN: 0-975799576 Created: March 2009 • Psychotherapy • Research • Training C C I e"
CCI_PERFECTIONISM_79fb5fe6_00000_581fe30f4e53,CCI_PERFECTIONISM,Perfectionism self-help resources,interventions,perfectionism,perfectionism;academic_stress;self_worth;behavioural_experiments;cognition,en,Understanding Perfectionism,knowledge_text,B,clinical_public_service,P0,pending,,,,https://www.cci.health.wa.gov.au/resources/looking-after-yourself/perfectionism,https://www.cci.health.wa.gov.au/~/media/CCI/Consumer-Modules/Perfectionism-in-Perspective/Perfectionism-in-Perspective---02---Understanding-Perfectionism.pdf,Introduction 2 How Did I Become a Perfectionist? 2 Rules for Living 3 How Rules & Assumptions Guide Behaviour 5 Unrelenting High Standards 5 Module Summary 8 About This Module 9 The information provided in this document is for information purposes only. Please refer to the full d
CCI_PERFECTIONISM_79fb5fe6_00001_88903b43a5fc,CCI_PERFECTIONISM,Perfectionism self-help resources,interventions,perfectionism,perfectionism;academic_stress;self_worth;behavioural_experiments;cognition,en,Understanding Perfectionism,knowledge_text,B,clinical_public_service,P0,pending,,,,https://www.cci.health.wa.gov.au/resources/looking-after-yourself/perfectionism,https://www.cci.health.wa.gov.au/~/media/CCI/Consumer-Modules/Perfectionism-in-Perspective/Perfectionism-in-Perspective---02---Understanding-Perfectionism.pdf,• Psychotherapy • Research • Training C C I entre for linical nterventions Module 2: Understanding Perfectionism Perfectionism In Perspective Introduction
CCI_PERFECTIONISM_79fb5fe6_00002_d960ed787848,CCI_PERFECTIONISM,Perfectionism self-help resources,interventions,perfectionism,perfectionism;academic_stress;self_worth;behavioural_experiments;cognition,en,Understanding Perfectionism,knowledge_text,B,clinical_public_service,P0,pending,,,,https://www.cci.health.wa.gov.au/resources/looking-after-yourself/perfectionism,https://www.cci.health.wa.gov.au/~/media/CCI/Consumer-Modules/Perfectionism-in-Perspective/Perfectionism-in-Perspective---02---Understanding-Perfectionism.pdf,In Module 1 we introduced a definition of perfectionism and described the positive and negative aspects of perfectionism. We asked you to identify specific areas of your life in which perfectionism is problematic and to identify your perfectionism behaviours. You may be wondering
CCI_PERFECTIONISM_79fb5fe6_00003_22eb60a5faff,CCI_PERFECTIONISM,Perfectionism self-help resources,interventions,perfectionism,perfectionism;academic_stress;self_worth;behavioural_experiments;cognition,en,Understanding Perfectionism,knowledge_text,B,clinical_public_service,P0,pending,,,,https://www.cci.health.wa.gov.au/resources/looking-after-yourself/perfectionism,https://www.cci.health.wa.gov.au/~/media/CCI/Consumer-Modules/Perfectionism-in-Perspective/Perfectionism-in-Perspective---02---Understanding-Perfectionism.pdf,How Did I Become a Perfectionist?
CCI_PERFECTIONISM_79fb5fe6_00004_747b8b2db623,CCI_PERFECTIONISM,Perfectionism self-help resources,interventions,perfectionism,perfectionism;academic_stress;self_worth;behavioural_experiments;cognition,en,Understanding Perfectionism,knowledge_text,B,clinical_public_service,P0,pending,,,,https://www.cci.health.wa.gov.au/resources/looking-after-yourself/perfectionism,https://www.cci.health.wa.gov.au/~/media/CCI/Consumer-Modules/Perfectionism-in-Perspective/Perfectionism-in-Perspective---02---Understanding-Perfectionism.pdf,"There is, of course, no simple answer to this question, as everyone is different. The point of view taken in these modules is that the core reason that people become perfectionistic is related to the way they see themselves and the world. Our view of ourselves and the world start"
CCI_PERFECTIONISM_79fb5fe6_00005_fc3f01c2d3f5,CCI_PERFECTIONISM,Perfectionism self-help resources,interventions,perfectionism,perfectionism;academic_stress;self_worth;behavioural_experiments;cognition,en,Understanding Perfectionism,knowledge_text,B,clinical_public_service,P0,pending,,,,https://www.cci.health.wa.gov.au/resources/looking-after-yourself/perfectionism,https://www.cci.health.wa.gov.au/~/media/CCI/Consumer-Modules/Perfectionism-in-Perspective/Perfectionism-in-Perspective---02---Understanding-Perfectionism.pdf,It is important that you don’t blame yourself or others for your perfectionism but it may be helpful to think about some of the most common early experiences that can influence its development.
CCI_PERFECTIONISM_79fb5fe6_00006_a4a6c220ae87,CCI_PERFECTIONISM,Perfectionism self-help resources,interventions,perfectionism,perfectionism;academic_stress;self_worth;behavioural_experiments;cognition,en,Understanding Perfectionism,knowledge_text,B,clinical_public_service,P0,pending,,,,https://www.cci.health.wa.gov.au/resources/looking-after-yourself/perfectionism,https://www.cci.health.wa.gov.au/~/media/CCI/Consumer-Modules/Perfectionism-in-Perspective/Perfectionism-in-Perspective---02---Understanding-Perfectionism.pdf,"Direct learning - reward and positive reinforcement If people praise you when you do well at something, you might learn that setting very high standards for yourself makes you feel good, and is worth pursuing. For example, if you did well on an assignment at school you were proba"
CCI_PERFECTIONISM_79fb5fe6_00007_55f2e981a6fc,CCI_PERFECTIONISM,Perfectionism self-help resources,interventions,perfectionism,perfectionism;academic_stress;self_worth;behavioural_experiments;cognition,en,Understanding Perfectionism,knowledge_text,B,clinical_public_service,P0,pending,,,,https://www.cci.health.wa.gov.au/resources/looking-after-yourself/perfectionism,https://www.cci.health.wa.gov.au/~/media/CCI/Consumer-Modules/Perfectionism-in-Perspective/Perfectionism-in-Perspective---02---Understanding-Perfectionism.pdf,"Direct learning - punishment and lack of positive reinforcement Another type of learning that can influence the development of perfectionism occurs when you are punished for mistakes. For example, a parent might criticise a small child for making a mess while playing (“How many t"
CCI_PERFECTIONISM_79fb5fe6_00008_28cf840a7083,CCI_PERFECTIONISM,Perfectionism self-help resources,interventions,perfectionism,perfectionism;academic_stress;self_worth;behavioural_experiments;cognition,en,Understanding Perfectionism,knowledge_text,B,clinical_public_service,P0,pending,,,,https://www.cci.health.wa.gov.au/resources/looking-after-yourself/perfectionism,https://www.cci.health.wa.gov.au/~/media/CCI/Consumer-Modules/Perfectionism-in-Perspective/Perfectionism-in-Perspective---02---Understanding-Perfectionism.pdf,"Indirect learning (modelling) Some perfectionists cannot recall being punished for making mistakes, and say that as they were growing up people were proud of them no matter how successful they were. Another way that perfectionism can develop is through indirect learning. We also "
CCI_PERFECTIONISM_79fb5fe6_00009_90b52b275f07,CCI_PERFECTIONISM,Perfectionism self-help resources,interventions,perfectionism,perfectionism;academic_stress;self_worth;behavioural_experiments;cognition,en,Understanding Perfectionism,knowledge_text,B,clinical_public_service,P0,pending,,,,https://www.cci.health.wa.gov.au/resources/looking-after-yourself/perfectionism,https://www.cci.health.wa.gov.au/~/media/CCI/Consumer-Modules/Perfectionism-in-Perspective/Perfectionism-in-Perspective---02---Understanding-Perfectionism.pdf,"Perfectionism In Perspective way based on the way we see people around us (our ‘role models’) behaving. For example, it may be that your parents worked very hard in their jobs and often took work home to complete at night or on weekends, leaving little time for relaxation. You ma"
CCI_PERFECTIONISM_79fb5fe6_00010_af4fb26b9ca2,CCI_PERFECTIONISM,Perfectionism self-help resources,interventions,perfectionism,perfectionism;academic_stress;self_worth;behavioural_experiments;cognition,en,Understanding Perfectionism,knowledge_text,B,clinical_public_service,P0,pending,,,,https://www.cci.health.wa.gov.au/resources/looking-after-yourself/perfectionism,https://www.cci.health.wa.gov.au/~/media/CCI/Consumer-Modules/Perfectionism-in-Perspective/Perfectionism-in-Perspective---02---Understanding-Perfectionism.pdf,"Temperament You might think that you have been a perfectionist from the day you were born and that it is part of who you are. Some people say they have always set high standards for themselves (e.g., “If I lost a race when I was little I would cry for hours, even though Mum told "
CCI_PERFECTIONISM_79fb5fe6_00011_c6d30f045d9f,CCI_PERFECTIONISM,Perfectionism self-help resources,interventions,perfectionism,perfectionism;academic_stress;self_worth;behavioural_experiments;cognition,en,Understanding Perfectionism,knowledge_text,B,clinical_public_service,P0,pending,,,,https://www.cci.health.wa.gov.au/resources/looking-after-yourself/perfectionism,https://www.cci.health.wa.gov.au/~/media/CCI/Consumer-Modules/Perfectionism-in-Perspective/Perfectionism-in-Perspective---02---Understanding-Perfectionism.pdf,"Perhaps you can relate to these early experiences, or perhaps not. Either way, all the strategies presented in these modules are designed to work, regardless of how your perfectionism developed."
